{
	"type":6,
	"name":"beatoraja default",
	"w":1280,
	"h":720,
	"fadeout":500,
	"scene":3000,
	"input":500,
	"source": [
		{"id":0, "path":"system.png"}
	],
	"font": [
		{"id":0, "path":"VL-Gothic-Regular.ttf"}
	],
	"image":[
		{"id":"blank", "src":0, "x":0, "y":0, "w":8, "h":8}
	],
	"text":[
		{"id":"genre", "font":0, "size":24, "ref":13},
		{"id":"title", "font":0, "size":30, "ref":12},
		{"id":"artist", "font":0, "size":24, "ref":14},
	],
	"destination":[
		{"id":-100, "dst":[
			{"x":0, "y":0, "w":1280, "h":720}
		]},
		{"id":"genre", "loop":2000, "dst":[
			{"time":0, "x":300, "y":420, "w":18, "h":18},
			{"time":2000, "x":380}
		]},
		{"id":"title", "dst":[
			{"x":340, "y":360, "w":18, "h":18}
		]},
		{"id":"artist", "loop":2000, "dst":[
			{"time":0, "x":380, "y":300, "w":18, "h":18},
			{"time":2000, "x":300}
		]},
		{"id":"blank", "loop":500, "timer":2 ,"dst":[
			{"time":0, "x":0, "y":0, "w":1280, "h":720, "a":0},
			{"time":500,"a":255}
		]}
	]
}