{
	"type":3,
	"name":"beatoraja default",
	"w":1280,
	"h":720,
	"playstart":1000,
	"scene":3600000,
	"input":500,
	"close":1500,
	"fadeout":1000,

	"property":[
		{"name":"Judge Detail", "item":[
			{"name":"Off", "op":910},
			{"name":"EARLY/LATE", "op":911},
			{"name":"+-ms", "op":912}
		]},
	],
	"filepath":[
		{"name":"Background", "path":"play/background/*.png"},
		{"name":"Note", "path":"play/notes/*.png"},
		{"name":"Laser", "path":"play/laser/*.png"},
		{"name":"Lanecover", "path":"play/lanecover/*.png"},
	],
	"source": [
		{"id":0, "path":"system.png"},
		{"id":1, "path":"play/background/*.png"},
		{"id":2, "path":"playbg.png"},
		{"id":3, "path":"gauge.png"},
		{"id":4, "path":"judge.png"},
		{"id":5, "path":"number.png"},
		{"id":6, "path":"play/laser/*.png"},
		{"id":7, "path":"play/notes/*.png"},
		{"id":8, "path":"close.png"},
		{"id":9, "path":"scoregraph.png"},
		{"id":10, "path":"bomb.png"},
		{"id":11, "path":"ready.png"},
		{"id":12, "path":"play/lanecover/*.png"},
		{"id":13, "path":"judgedetail.png"}
	],
	"font": [
		{"id":0, "path":"VL-Gothic-Regular.ttf"}
	],
	"image":[
		{"id":"background", "src":1, "x":0, "y":0, "w":1280, "h":720},
		{"id":1, "src":2, "x":0, "y":0, "w":1280, "h":720},
		{"id":6, "src":11, "x":0, "y":0, "w":216, "h":40},
		{"id":7, "src":0, "x":0, "y":0, "w":8, "h":8},
		{"id":"close1", "src":8, "x":0, "y":500, "w":640, "h":240},
		{"id":"close2", "src":8, "x":0, "y":740, "w":640, "h":240},
		{"id":"lane-bg", "src":0, "x":30, "y":0, "w":390, "h":10},
		{"id":11, "src":0, "x":168, "y":108, "w":126, "h":303},
		{"id":12, "src":0, "x":40, "y":108, "w":126, "h":303},
		{"id":13, "src":0, "x":10, "y":10, "w":10, "h":251},
		{"id":15, "src":0, "x":16, "y":0, "w":8, "h":8},

		{"id":100, "src":6, "x":47, "y":0, "w":28, "h":255},
		{"id":101, "src":6, "x":75, "y":0, "w":21, "h":255},
		{"id":102, "src":6, "x":0, "y":0, "w":47, "h":255},
		{"id":"keybeam-w", "src":6, "x":48, "y":0, "w":27, "h":255},
		{"id":"keybeam-b", "src":6, "x":76, "y":0, "w":20, "h":255},
		{"id":"keybeam-s", "src":6, "x":0, "y":0, "w":47, "h":255},
		{"id":"keybeam-w-pg", "src":6, "x":145, "y":0, "w":27, "h":255},
		{"id":"keybeam-b-pg", "src":6, "x":173, "y":0, "w":20, "h":255},
		{"id":"keybeam-s-pg", "src":6, "x":97, "y":0, "w":47, "h":255},
		{"id":150, "src":10, "x":0, "y":0, "w":1810, "h":192,"divx":10, "timer":51, "cycle":160},
		{"id":151, "src":10, "x":0, "y":0, "w":1810, "h":192,"divx":10, "timer":52, "cycle":160},
		{"id":152, "src":10, "x":0, "y":0, "w":1810, "h":192,"divx":10, "timer":53, "cycle":160},
		{"id":153, "src":10, "x":0, "y":0, "w":1810, "h":192,"divx":10, "timer":54, "cycle":160},
		{"id":154, "src":10, "x":0, "y":0, "w":1810, "h":192,"divx":10, "timer":55, "cycle":160},
		{"id":155, "src":10, "x":0, "y":0, "w":1810, "h":192,"divx":10, "timer":56, "cycle":160},
		{"id":156, "src":10, "x":0, "y":0, "w":1810, "h":192,"divx":10, "timer":57, "cycle":160},
		{"id":157, "src":10, "x":0, "y":0, "w":1810, "h":192,"divx":10, "timer":50, "cycle":160},
		{"id":140, "src":10, "x":0, "y":384, "w":1810, "h":192,"divx":10, "timer":71, "cycle":160},
		{"id":141, "src":10, "x":0, "y":384, "w":1810, "h":192,"divx":10, "timer":72, "cycle":160},
		{"id":142, "src":10, "x":0, "y":384, "w":1810, "h":192,"divx":10, "timer":73, "cycle":160},
		{"id":143, "src":10, "x":0, "y":384, "w":1810, "h":192,"divx":10, "timer":74, "cycle":160},
		{"id":144, "src":10, "x":0, "y":384, "w":1810, "h":192,"divx":10, "timer":75, "cycle":160},
		{"id":145, "src":10, "x":0, "y":384, "w":1810, "h":192,"divx":10, "timer":76, "cycle":160},
		{"id":146, "src":10, "x":0, "y":384, "w":1810, "h":192,"divx":10, "timer":77, "cycle":160},
		{"id":147, "src":10, "x":0, "y":384, "w":1810, "h":192,"divx":10, "timer":70, "cycle":160},
		{"id":120, "src":10, "x":0, "y":192, "w":1810, "h":192,"divx":10, "timer":51, "cycle":160},
		{"id":121, "src":10, "x":0, "y":192, "w":1810, "h":192,"divx":10, "timer":52, "cycle":160},
		{"id":122, "src":10, "x":0, "y":192, "w":1810, "h":192,"divx":10, "timer":53, "cycle":160},
		{"id":123, "src":10, "x":0, "y":192, "w":1810, "h":192,"divx":10, "timer":54, "cycle":160},
		{"id":124, "src":10, "x":0, "y":192, "w":1810, "h":192,"divx":10, "timer":55, "cycle":160},
		{"id":125, "src":10, "x":0, "y":192, "w":1810, "h":192,"divx":10, "timer":56, "cycle":160},
		{"id":126, "src":10, "x":0, "y":192, "w":1810, "h":192,"divx":10, "timer":57, "cycle":160},
		{"id":127, "src":10, "x":0, "y":192, "w":1810, "h":192,"divx":10, "timer":50, "cycle":160},
		{"id":130, "src":10, "x":0, "y":576, "w":1810, "h":192,"divx":10, "timer":51, "cycle":160},
		{"id":131, "src":10, "x":0, "y":576, "w":1810, "h":192,"divx":10, "timer":52, "cycle":160},
		{"id":132, "src":10, "x":0, "y":576, "w":1810, "h":192,"divx":10, "timer":53, "cycle":160},
		{"id":133, "src":10, "x":0, "y":576, "w":1810, "h":192,"divx":10, "timer":54, "cycle":160},
		{"id":134, "src":10, "x":0, "y":576, "w":1810, "h":192,"divx":10, "timer":55, "cycle":160},
		{"id":135, "src":10, "x":0, "y":576, "w":1810, "h":192,"divx":10, "timer":56, "cycle":160},
		{"id":136, "src":10, "x":0, "y":576, "w":1810, "h":192,"divx":10, "timer":57, "cycle":160},
		{"id":137, "src":10, "x":0, "y":576, "w":1810, "h":192,"divx":10, "timer":50, "cycle":160},

		{"id":"bomb21-e", "src":10, "x":0, "y":0, "w":1810, "h":192,"divx":10, "timer":61, "cycle":160},
		{"id":"bomb22-e", "src":10, "x":0, "y":0, "w":1810, "h":192,"divx":10, "timer":62, "cycle":160},
		{"id":"bomb23-e", "src":10, "x":0, "y":0, "w":1810, "h":192,"divx":10, "timer":63, "cycle":160},
		{"id":"bomb24-e", "src":10, "x":0, "y":0, "w":1810, "h":192,"divx":10, "timer":64, "cycle":160},
		{"id":"bomb25-e", "src":10, "x":0, "y":0, "w":1810, "h":192,"divx":10, "timer":65, "cycle":160},
		{"id":"bomb26-e", "src":10, "x":0, "y":0, "w":1810, "h":192,"divx":10, "timer":66, "cycle":160},
		{"id":"bomb27-e", "src":10, "x":0, "y":0, "w":1810, "h":192,"divx":10, "timer":67, "cycle":160},
		{"id":"bombs2-e", "src":10, "x":0, "y":0, "w":1810, "h":192,"divx":10, "timer":60, "cycle":160},
		{"id":"lnbomb21", "src":10, "x":0, "y":384, "w":1810, "h":192,"divx":10, "timer":81, "cycle":160},
		{"id":"lnbomb22", "src":10, "x":0, "y":384, "w":1810, "h":192,"divx":10, "timer":82, "cycle":160},
		{"id":"lnbomb23", "src":10, "x":0, "y":384, "w":1810, "h":192,"divx":10, "timer":83, "cycle":160},
		{"id":"lnbomb24", "src":10, "x":0, "y":384, "w":1810, "h":192,"divx":10, "timer":84, "cycle":160},
		{"id":"lnbomb25", "src":10, "x":0, "y":384, "w":1810, "h":192,"divx":10, "timer":85, "cycle":160},
		{"id":"lnbomb26", "src":10, "x":0, "y":384, "w":1810, "h":192,"divx":10, "timer":86, "cycle":160},
		{"id":"lnbomb27", "src":10, "x":0, "y":384, "w":1810, "h":192,"divx":10, "timer":87, "cycle":160},
		{"id":"lnbombs2", "src":10, "x":0, "y":384, "w":1810, "h":192,"divx":10, "timer":80, "cycle":160},
		{"id":"bomb21-l", "src":10, "x":0, "y":192, "w":1810, "h":192,"divx":10, "timer":61, "cycle":160},
		{"id":"bomb22-l", "src":10, "x":0, "y":192, "w":1810, "h":192,"divx":10, "timer":62, "cycle":160},
		{"id":"bomb23-l", "src":10, "x":0, "y":192, "w":1810, "h":192,"divx":10, "timer":63, "cycle":160},
		{"id":"bomb24-l", "src":10, "x":0, "y":192, "w":1810, "h":192,"divx":10, "timer":64, "cycle":160},
		{"id":"bomb25-l", "src":10, "x":0, "y":192, "w":1810, "h":192,"divx":10, "timer":65, "cycle":160},
		{"id":"bomb26-l", "src":10, "x":0, "y":192, "w":1810, "h":192,"divx":10, "timer":66, "cycle":160},
		{"id":"bomb27-l", "src":10, "x":0, "y":192, "w":1810, "h":192,"divx":10, "timer":67, "cycle":160},
		{"id":"bombs2-l", "src":10, "x":0, "y":192, "w":1810, "h":192,"divx":10, "timer":60, "cycle":160},
		{"id":"bomb21-p", "src":10, "x":0, "y":576, "w":1810, "h":192,"divx":10, "timer":61, "cycle":160},
		{"id":"bomb22-p", "src":10, "x":0, "y":576, "w":1810, "h":192,"divx":10, "timer":62, "cycle":160},
		{"id":"bomb23-p", "src":10, "x":0, "y":576, "w":1810, "h":192,"divx":10, "timer":63, "cycle":160},
		{"id":"bomb24-p", "src":10, "x":0, "y":576, "w":1810, "h":192,"divx":10, "timer":64, "cycle":160},
		{"id":"bomb25-p", "src":10, "x":0, "y":576, "w":1810, "h":192,"divx":10, "timer":65, "cycle":160},
		{"id":"bomb26-p", "src":10, "x":0, "y":576, "w":1810, "h":192,"divx":10, "timer":66, "cycle":160},
		{"id":"bomb27-p", "src":10, "x":0, "y":576, "w":1810, "h":192,"divx":10, "timer":67, "cycle":160},
		{"id":"bombs2-p", "src":10, "x":0, "y":576, "w":1810, "h":192,"divx":10, "timer":60, "cycle":160},

		{"id":"note-b", "src":7, "x":127, "y":5, "w":21, "h":12},
		{"id":"note-w", "src":7, "x":99, "y":5, "w":27, "h":12},
		{"id":"note-s", "src":7, "x":50, "y":5, "w":46, "h":12},

		{"id":"lns-b", "src":7, "x":127, "y":57, "w":21, "h":13},
		{"id":"lns-w", "src":7, "x":99, "y":57, "w":27, "h":13},
		{"id":"lns-s", "src":7, "x":50, "y":57, "w":46, "h":12},

		{"id":"lne-b", "src":7, "x":127, "y":43, "w":21, "h":13},
		{"id":"lne-w", "src":7, "x":99, "y":43, "w":27, "h":13},
		{"id":"lne-s", "src":7, "x":50, "y":43, "w":46, "h":12},

		{"id":"lnb-b", "src":7, "x":127, "y":80, "w":21, "h":1},
		{"id":"lnb-w", "src":7, "x":99, "y":80, "w":27, "h":1},
		{"id":"lnb-s", "src":7, "x":50, "y":80, "w":46, "h":1},

		{"id":"lna-b", "src":7, "x":127, "y":76, "w":21, "h":1},
		{"id":"lna-w", "src":7, "x":99, "y":76, "w":27, "h":1},
		{"id":"lna-s", "src":7, "x":50, "y":76, "w":46, "h":1},

		{"id":"hcns-b", "src":7, "x":127, "y":108, "w":21, "h":13},
		{"id":"hcns-w", "src":7, "x":99, "y":108, "w":27, "h":13},
		{"id":"hcns-s", "src":7, "x":50, "y":108, "w":46, "h":12},

		{"id":"hcne-b", "src":7, "x":127, "y":94, "w":21, "h":13},
		{"id":"hcne-w", "src":7, "x":99, "y":94, "w":27, "h":13},
		{"id":"hcne-s", "src":7, "x":50, "y":94, "w":46, "h":12},

		{"id":"hcnb-b", "src":7, "x":127, "y":131, "w":21, "h":1},
		{"id":"hcnb-w", "src":7, "x":99, "y":131, "w":27, "h":1},
		{"id":"hcnb-s", "src":7, "x":50, "y":131, "w":46, "h":1},

		{"id":"hcna-b", "src":7, "x":127, "y":127, "w":21, "h":1},
		{"id":"hcna-w", "src":7, "x":99, "y":127, "w":27, "h":1},
		{"id":"hcna-s", "src":7, "x":50, "y":127, "w":46, "h":1},

		{"id":"hcnd-b", "src":7, "x":127, "y":128, "w":21, "h":1},
		{"id":"hcnd-w", "src":7, "x":99, "y":128, "w":27, "h":1},
		{"id":"hcnd-s", "src":7, "x":50, "y":128, "w":46, "h":1},

		{"id":"hcnr-b", "src":7, "x":127, "y":129, "w":21, "h":1},
		{"id":"hcnr-w", "src":7, "x":99, "y":129, "w":27, "h":1},
		{"id":"hcnr-s", "src":7, "x":50, "y":129, "w":46, "h":1},

		{"id":"mine-b", "src":7, "x":127, "y":23, "w":21, "h":8},
		{"id":"mine-w", "src":7, "x":99, "y":23, "w":27, "h":8},
		{"id":"mine-s", "src":7, "x":50, "y":23, "w":46, "h":8},

		{"id":"section-line", "src":0, "x":0, "y":0, "w":1, "h":1},

		{"id":"gauge-n1", "src":3, "x":0, "y":0, "w":5, "h":17},
		{"id":"gauge-n2", "src":3, "x":5, "y":0, "w":5, "h":17},
		{"id":"gauge-n3", "src":3, "x":10, "y":0, "w":5, "h":17},
		{"id":"gauge-n4", "src":3, "x":15, "y":0, "w":5, "h":17},
		{"id":"gauge-e1", "src":3, "x":0, "y":17, "w":5, "h":17},
		{"id":"gauge-e2", "src":3, "x":5, "y":17, "w":5, "h":17},
		{"id":"gauge-e3", "src":3, "x":10, "y":17, "w":5, "h":17},
		{"id":"gauge-e4", "src":3, "x":15, "y":17, "w":5, "h":17},

		{"id":"judgef-pg", "src":4, "x":0, "y":0, "w":180, "h":100, "divy":2, "cycle":100},
		{"id":"judgef-gr", "src":4, "x":0, "y":150, "w":180, "h":50},
		{"id":"judgef-gd", "src":4, "x":0, "y":200, "w":180, "h":50},
		{"id":"judgef-bd", "src":4, "x":0, "y":250, "w":180, "h":50},
		{"id":"judgef-pr", "src":4, "x":0, "y":300, "w":180, "h":50},
		{"id":"judgef-ms", "src":4, "x":0, "y":300, "w":180, "h":50},

		{"id":"judge-early", "src":13, "x":0, "y":0, "w":50, "h":20},
		{"id":"judge-late", "src":13, "x":50, "y":0, "w":50, "h":20}
	],
	"imageset":[
		{"id":"keybeam1", "ref":501, "images":["keybeam-w","keybeam-w-pg"]},
		{"id":"keybeam2", "ref":502, "images":["keybeam-b","keybeam-b-pg"]},
		{"id":"keybeam3", "ref":503, "images":["keybeam-w","keybeam-w-pg"]},
		{"id":"keybeam4", "ref":504, "images":["keybeam-b","keybeam-b-pg"]},
		{"id":"keybeam5", "ref":505, "images":["keybeam-w","keybeam-w-pg"]},
		{"id":"keybeam6", "ref":506, "images":["keybeam-b","keybeam-b-pg"]},
		{"id":"keybeam7", "ref":507, "images":["keybeam-w","keybeam-w-pg"]},
		{"id":"keybeams", "ref":500, "images":["keybeam-s","keybeam-s-pg"]},
		{"id":110, "ref":501, "images":[150,130,150,120]},
		{"id":111, "ref":502, "images":[151,131,151,121]},
		{"id":112, "ref":503, "images":[152,132,152,122]},
		{"id":113, "ref":504, "images":[153,133,153,123]},
		{"id":114, "ref":505, "images":[154,134,154,124]},
		{"id":115, "ref":506, "images":[155,135,155,125]},
		{"id":116, "ref":507, "images":[156,136,156,126]},
		{"id":117, "ref":500, "images":[157,137,157,127]}
		{"id":"keybeam21", "ref":511, "images":["keybeam-w","keybeam-w-pg"]},
		{"id":"keybeam22", "ref":512, "images":["keybeam-b","keybeam-b-pg"]},
		{"id":"keybeam23", "ref":513, "images":["keybeam-w","keybeam-w-pg"]},
		{"id":"keybeam24", "ref":514, "images":["keybeam-b","keybeam-b-pg"]},
		{"id":"keybeam25", "ref":515, "images":["keybeam-w","keybeam-w-pg"]},
		{"id":"keybeam26", "ref":516, "images":["keybeam-b","keybeam-b-pg"]},
		{"id":"keybeam27", "ref":517, "images":["keybeam-w","keybeam-w-pg"]},
		{"id":"keybeams2", "ref":510, "images":["keybeam-s","keybeam-s-pg"]},
		{"id":"bomb21", "ref":511, "images":["bomb21-p","bomb21-p","bomb21-e","bomb21-l"]},
		{"id":"bomb22", "ref":512, "images":["bomb22-p","bomb22-p","bomb22-e","bomb22-l"]},
		{"id":"bomb23", "ref":513, "images":["bomb23-p","bomb23-p","bomb23-e","bomb23-l"]},
		{"id":"bomb24", "ref":514, "images":["bomb24-p","bomb24-p","bomb24-e","bomb24-l"]},
		{"id":"bomb25", "ref":515, "images":["bomb25-p","bomb25-p","bomb25-e","bomb25-l"]},
		{"id":"bomb26", "ref":516, "images":["bomb26-p","bomb26-p","bomb26-e","bomb26-l"]},
		{"id":"bomb27", "ref":517, "images":["bomb27-p","bomb27-p","bomb27-e","bomb27-l"]},
		{"id":"bombs2", "ref":510, "images":["bombs2-p","bombs2-p","bombs2-e","bombs2-l"]}
	],
	"value":[
		{"id":400, "src":5, "x":0, "y":0, "w":240, "h":24, "divx":10, "digit":4, "ref":91},
		{"id":401, "src":5, "x":0, "y":0, "w":240, "h":24, "divx":10, "digit":4, "ref":160},
		{"id":402, "src":5, "x":0, "y":0, "w":240, "h":24, "divx":10, "digit":4, "ref":90},
		{"id":403, "src":5, "x":0, "y":0, "w":240, "h":24, "divx":10, "digit":2, "ref":163},
		{"id":404, "src":5, "x":0, "y":0, "w":240, "h":24, "divx":10, "digit":2, "padding":1, "ref":164},
		{"id":405, "src":5, "x":0, "y":0, "w":240, "h":24, "divx":10, "digit":2, "ref":310},
		{"id":406, "src":5, "x":0, "y":0, "w":240, "h":24, "divx":10, "digit":2, "padding":1, "ref":311},
		{"id":407, "src":5, "x":0, "y":0, "w":240, "h":24, "divx":10, "digit":4, "ref":312},
		{"id":410, "src":5, "x":0, "y":0, "w":240, "h":24, "divx":10, "digit":3, "ref":107},
		{"id":411, "src":5, "x":0, "y":0, "w":240, "h":24, "divx":10, "digit":1, "ref":407},
		{"id":420, "src":5, "x":0, "y":0, "w":240, "h":24, "divx":10, "digit":4, "ref":102},
		{"id":421, "src":5, "x":0, "y":0, "w":240, "h":24, "divx":10, "digit":1, "ref":103},
		{"id":422, "src":5, "x":0, "y":0, "w":240, "h":24, "divx":10, "digit":5, "ref":71},
		{"id":423, "src":5, "x":0, "y":24, "w":240, "h":24, "divx":10, "digit":5, "ref":150},
		{"id":424, "src":5, "x":0, "y":48, "w":240, "h":24, "divx":10, "digit":5, "ref":121},

		{"id":430, "src":5, "x":0, "y":0, "w":264, "h":24, "divx":11, "digit":4, "ref":110},
		{"id":431, "src":5, "x":0, "y":24, "w":264, "h":24, "divx":11, "digit":4, "ref":410},
		{"id":432, "src":5, "x":0, "y":48, "w":264, "h":24, "divx":11, "digit":4, "ref":411},
		{"id":433, "src":5, "x":0, "y":0, "w":264, "h":24, "divx":11, "digit":4, "ref":111},
		{"id":434, "src":5, "x":0, "y":24, "w":264, "h":24, "divx":11, "digit":4, "ref":412},
		{"id":435, "src":5, "x":0, "y":48, "w":264, "h":24, "divx":11, "digit":4, "ref":413},
		{"id":436, "src":5, "x":0, "y":0, "w":264, "h":24, "divx":11, "digit":4, "ref":112},
		{"id":437, "src":5, "x":0, "y":24, "w":264, "h":24, "divx":11, "digit":4, "ref":414},
		{"id":438, "src":5, "x":0, "y":48, "w":264, "h":24, "divx":11, "digit":4, "ref":415},
		{"id":439, "src":5, "x":0, "y":0, "w":264, "h":24, "divx":11, "digit":4, "ref":113},
		{"id":440, "src":5, "x":0, "y":24, "w":264, "h":24, "divx":11, "digit":4, "ref":416},
		{"id":441, "src":5, "x":0, "y":48, "w":264, "h":24, "divx":11, "digit":4, "ref":417},
		{"id":442, "src":5, "x":0, "y":0, "w":264, "h":24, "divx":11, "digit":4, "ref":114},
		{"id":443, "src":5, "x":0, "y":24, "w":264, "h":24, "divx":11, "digit":4, "ref":418},
		{"id":444, "src":5, "x":0, "y":48, "w":264, "h":24, "divx":11, "digit":4, "ref":419},
		{"id":445, "src":5, "x":0, "y":0, "w":264, "h":24, "divx":11, "digit":4, "ref":420},
		{"id":446, "src":5, "x":0, "y":24, "w":264, "h":24, "divx":11, "digit":4, "ref":421},
		{"id":447, "src":5, "x":0, "y":48, "w":264, "h":24, "divx":11, "digit":4, "ref":422},

		{"id":450, "src":0, "x":0, "y":550, "w":100, "h":15, "divx":10, "digit":3, "ref":14},
		{"id":451, "src":0, "x":0, "y":565, "w":100, "h":15, "divx":10, "digit":4, "ref":312},

		{"id":"judgen-pg", "src":4, "x":200, "y":0, "w":300, "h":100, "divx":10, "divy":2, "digit":6, "ref":75, "cycle":100},
		{"id":"judgen-gr", "src":4, "x":200, "y":150, "w":300, "h":50, "divx":10, "digit":6, "ref":75},
		{"id":"judgen-gd", "src":4, "x":200, "y":200, "w":300, "h":50, "divx":10, "digit":6, "ref":75},
		{"id":"judgen-bd", "src":4, "x":200, "y":250, "w":300, "h":50, "divx":10, "digit":6, "ref":75},
		{"id":"judgen-pr", "src":4, "x":200, "y":300, "w":300, "h":50, "divx":10, "digit":6, "ref":75},
		{"id":"judgen-ms", "src":4, "x":200, "y":300, "w":300, "h":50, "divx":10, "digit":6, "ref":75},

		{"id":"judgems-1pp", "src":13, "x":0, "y":20, "w":120, "h":40, "divx":12, "divy":2, "digit":4, "ref":525},
		{"id":"judgems-1pg", "src":13, "x":0, "y":60, "w":120, "h":40, "divx":12, "divy":2, "digit":4, "ref":525},
		{"id":"judgems-2pp", "src":13, "x":0, "y":20, "w":120, "h":40, "divx":12, "divy":2, "digit":4, "ref":526},
		{"id":"judgems-2pg", "src":13, "x":0, "y":60, "w":120, "h":40, "divx":12, "divy":2, "digit":4, "ref":526}
	],
	"text":[
		{"id":1000, "font":0, "size":24, "align":0, "ref":12}
	],
	"slider":[
		{"id":1050, "src":0, "x":0, "y":289, "w":14, "h":20, "angle":2, "range":520,"type":6},
		{"id":1051, "src":0, "x":15, "y":289, "w":14, "h":20, "angle":2, "range":520,"type":6},
		{"id":1060, "src":12, "x":0, "y":0, "w":390, "h":580, "angle":2, "range":580,"type":4}
	],
	"hiddenCover":[
		{"id":"hidden-cover", "src":12, "x":0, "y":0, "w":390, "h":580, "disapearLine":140, "isDisapearLineLinkLift":true}
	],
	"graph":[
		{"id":"graph-now", "src":9, "x":0, "y":0, "w":100, "h":296, "type":110},
		{"id":"graph-best", "src":9, "x":100, "y":0, "w":100, "h":296, "type":113},
		{"id":"graph-target", "src":9, "x":200, "y":0, "w":100, "h":296, "type":115},
		{"id":"load-progress", "src":0, "x":0, "y":0, "w":8, "h":8, "angle":0, "type":102}
	],
	"note":{
		"id":"notes",
		"note":["note-w","note-b","note-w","note-b","note-w","note-s","note-w","note-b","note-w","note-b","note-w","note-s"],
		"lnend":["lne-w","lne-b","lne-w","lne-b","lne-w","lne-s","lne-w","lne-b","lne-w","lne-b","lne-w","lne-s"],
		"lnstart":["lns-w","lns-b","lns-w","lns-b","lns-w","lns-s","lns-w","lns-b","lns-w","lns-b","lns-w","lns-s"],
		"lnbody":["lnb-w","lnb-b","lnb-w","lnb-b","lnb-w","lnb-s","lnb-w","lnb-b","lnb-w","lnb-b","lnb-w","lnb-s"],
		"lnactive":["lna-w","lna-b","lna-w","lna-b","lna-w","lna-s","lna-w","lna-b","lna-w","lna-b","lna-w","lna-s"],
		"hcnend":["hcne-w","hcne-b","hcne-w","hcne-b","hcne-w","hcne-s","hcne-w","hcne-b","hcne-w","hcne-b","hcne-w","hcne-s"],
		"hcnstart":["hcns-w","hcns-b","hcns-w","hcns-b","hcns-w","hcns-s","hcns-w","hcns-b","hcns-w","hcns-b","hcns-w","hcns-s"],
		"hcnbody":["hcnb-w","hcnb-b","hcnb-w","hcnb-b","hcnb-w","hcnb-s","hcnb-w","hcnb-b","hcnb-w","hcnb-b","hcnb-w","hcnb-s"],
		"hcnactive":["hcna-w","hcna-b","hcna-w","hcna-b","hcna-w","hcna-s","hcna-w","hcna-b","hcna-w","hcna-b","hcna-w","hcna-s"],
		"hcndamage":["hcnd-w","hcnd-b","hcnd-w","hcnd-b","hcnd-w","hcnd-s","hcnd-w","hcnd-b","hcnd-w","hcnd-b","hcnd-w","hcnd-s"],
		"hcnreactive":["hcnr-w","hcnr-b","hcnr-w","hcnr-b","hcnr-w","hcnr-s","hcnr-w","hcnr-b","hcnr-w","hcnr-b","hcnr-w","hcnr-s"],
		"mine":["mine-w","mine-b","mine-w","mine-b","mine-w","mine-s","mine-w","mine-b","mine-w","mine-b","mine-w","mine-s"],
		"hidden":[],
		"processed":[],
		"dst":[
			{"x":280, "y":140, "w":50, "h":580},
			{"x":330, "y":140, "w":40, "h":580},
			{"x":370, "y":140, "w":50, "h":580},
			{"x":420, "y":140, "w":40, "h":580},
			{"x":460, "y":140, "w":50, "h":580},
			{"x":210, "y":140, "w":70, "h":580},
			{"x":680, "y":140, "w":50, "h":580},
			{"x":730, "y":140, "w":40, "h":580},
			{"x":770, "y":140, "w":50, "h":580},
			{"x":820, "y":140, "w":40, "h":580},
			{"x":860, "y":140, "w":50, "h":580},
			{"x":1000, "y":140, "w":70, "h":580}
		],
		"group":[
			{"id":"section-line", "offset":3, "dst":[
				{"x":210, "y":140, "w":390, "h":1, "r":128, "g":128, "b":128},
			]},
			{"id":"section-line", "offset":3, "dst":[
				{"x":680, "y":140, "w":390, "h":1, "r":128, "g":128, "b":128},
			]}
		],
		"time":[
			{"id":"section-line", "offset":3, "dst":[
				{"x":210, "y":140, "w":390, "h":1, "r":64, "g":192, "b":192},
			]},
			{"id":"section-line", "offset":3, "dst":[
				{"x":680, "y":140, "w":390, "h":1, "r":64, "g":192, "b":192},
			]}
		],
		"bpm":[
			{"id":"section-line", "offset":3, "dst":[
				{"x":210, "y":140, "w":390, "h":2, "r":0, "g":192, "b":0},
			]},
			{"id":"section-line", "offset":3, "dst":[
				{"x":680, "y":140, "w":390, "h":2, "r":0, "g":192, "b":0},
			]}
		],
		"stop":[
			{"id":"section-line", "offset":3, "dst":[
				{"x":210, "y":140, "w":390, "h":2, "r":192, "g":192, "b":0},
			]},
			{"id":"section-line", "offset":3, "dst":[
				{"x":680, "y":140, "w":390, "h":2, "r":192, "g":192, "b":0},
			]}
		]
	},
	"gauge":{
		"id":2001,
		"nodes":["gauge-n1","gauge-n2","gauge-n3","gauge-n4","gauge-e1","gauge-e2","gauge-e3","gauge-e4"]
	},
	"judge":[
		{
			"id":2010,
			"index":0,
			"images":[
				{"id":"judgef-pg", "loop":-1, "timer":46 ,"offset":3, "dst":[
					{"time":0, "x":305, "y":240, "w":180, "h":40},
					{"time":500}
				]},
				{"id":"judgef-gr", "loop":-1, "timer":46 ,"offset":3, "dst":[
					{"time":0, "x":305, "y":240, "w":180, "h":40},
					{"time":500}
				]},
				{"id":"judgef-gd", "loop":-1, "timer":46 ,"offset":3, "dst":[
					{"time":0, "x":305, "y":240, "w":180, "h":40},
					{"time":500}
				]},
				{"id":"judgef-bd", "loop":-1, "timer":46 ,"offset":3, "dst":[
					{"time":0, "x":305, "y":240, "w":180, "h":40},
					{"time":500}
				]},
				{"id":"judgef-pr", "loop":-1, "timer":46 ,"offset":3, "dst":[
					{"time":0, "x":305, "y":240, "w":180, "h":40},
					{"time":500}
				]},
				{"id":"judgef-ms", "loop":-1, "timer":46 ,"offset":3, "dst":[
					{"time":0, "x":305, "y":240, "w":180, "h":40},
					{"time":500}
				]}
			],
			"numbers":[
				{"id":"judgen-pg", "loop":-1, "timer":46, "dst":[
					{"time":0, "x":200, "y":0, "w":40, "h":40},
					{"time":500}
				]},
				{"id":"judgen-gr", "loop":-1, "timer":46, "dst":[
					{"time":0, "x":200, "y":0, "w":40, "h":40},
					{"time":500}
				]},
				{"id":"judgen-gd", "loop":-1, "timer":46, "dst":[
					{"time":0, "x":200, "y":0, "w":40, "h":40},
					{"time":500}
				]},
				{"id":"judgen-bd", "loop":-1, "timer":46, "dst":[
					{"time":0, "x":200, "y":0, "w":40, "h":40},
					{"time":500}
				]},
				{"id":"judgen-pr", "loop":-1, "timer":46, "dst":[
					{"time":0, "x":200, "y":0, "w":40, "h":40},
					{"time":500}
				]},
				{"id":"judgen-ms", "loop":-1, "timer":46, "dst":[
					{"time":0, "x":200, "y":0, "w":40, "h":40},
					{"time":500}
				]}
			],
			"shift":true
		},
		{
			"id":2011,
			"index":1,
			"images":[
				{"id":"judgef-pg", "loop":-1, "timer":47 ,"offset":3, "dst":[
					{"time":0, "x":775, "y":240, "w":180, "h":40},
					{"time":500}
				]},
				{"id":"judgef-gr", "loop":-1, "timer":47 ,"offset":3, "dst":[
					{"time":0, "x":775, "y":240, "w":180, "h":40},
					{"time":500}
				]},
				{"id":"judgef-gd", "loop":-1, "timer":47 ,"offset":3, "dst":[
					{"time":0, "x":775, "y":240, "w":180, "h":40},
					{"time":500}
				]},
				{"id":"judgef-bd", "loop":-1, "timer":47 ,"offset":3, "dst":[
					{"time":0, "x":775, "y":240, "w":180, "h":40},
					{"time":500}
				]},
				{"id":"judgef-pr", "loop":-1, "timer":47 ,"offset":3, "dst":[
					{"time":0, "x":775, "y":240, "w":180, "h":40},
					{"time":500}
				]},
				{"id":"judgef-ms", "loop":-1, "timer":47 ,"offset":3, "dst":[
					{"time":0, "x":775, "y":240, "w":180, "h":40},
					{"time":500}
				]}
			],
			"numbers":[
				{"id":"judgen-pg", "loop":-1, "timer":47, "dst":[
					{"time":0, "x":200, "y":0, "w":40, "h":40},
					{"time":500}
				]},
				{"id":"judgen-gr", "loop":-1, "timer":47, "dst":[
					{"time":0, "x":200, "y":0, "w":40, "h":40},
					{"time":500}
				]},
				{"id":"judgen-gd", "loop":-1, "timer":47, "dst":[
					{"time":0, "x":200, "y":0, "w":40, "h":40},
					{"time":500}
				]},
				{"id":"judgen-bd", "loop":-1, "timer":47, "dst":[
					{"time":0, "x":200, "y":0, "w":40, "h":40},
					{"time":500}
				]},
				{"id":"judgen-pr", "loop":-1, "timer":47, "dst":[
					{"time":0, "x":200, "y":0, "w":40, "h":40},
					{"time":500}
				]},
				{"id":"judgen-ms", "loop":-1, "timer":47, "dst":[
					{"time":0, "x":200, "y":0, "w":40, "h":40},
					{"time":500}
				]}
			],
			"shift":true
		}
	],

	"bga":{
		"id":2002
	},

	"destination":[
		{"id":"background", "dst":[
			{"x":0, "y":0, "w":1280, "h":720}
		]},
		{"id":1, "dst":[
			{"x":0, "y":0, "w":1280, "h":720}
		]},

		{"id":400, "dst":[
			{"x":520, "y":2, "w":18, "h":18}
		]},
		{"id":401, "dst":[
			{"x":592, "y":2, "w":24, "h":24}
		]},
		{"id":402, "dst":[
			{"x":688, "y":2, "w":18, "h":18}
		]},
		{"id":403, "dst":[
			{"x":1148, "y":2, "w":24, "h":24}
		]},
		{"id":404, "dst":[
			{"x":1220, "y":2, "w":24, "h":24}
		]},
		{"id":405, "dst":[
			{"x":116, "y":2, "w":12, "h":24}
		]},
		{"id":406, "dst":[
			{"x":154, "y":2, "w":10, "h":20}
		]},
		{"id":407, "dst":[
			{"x":318, "y":2, "w":12, "h":24}
		]},

		{"id":"lane-bg", "loop":1000, "dst":[
			{"time":0, "x":210, "y":140, "w":390, "h":0, "a":0},
			{"time":1000, "h":580, "a":255}
		]},
		{"id":"lane-bg", "loop":1000, "dst":[
			{"time":0, "x":1070, "y":140, "w":-390, "h":0, "a":0},
			{"time":1000, "h":580, "a":255}
		]},
		{"id":11, "dst":[
			{"x":1090, "y":220, "w":180, "h":480}
		]},
		{"id":"graph-now", "dst":[
			{"x":1092, "y":220, "w":56, "h":480}
		]},
		{"id":"graph-best", "dst":[
			{"x":1152, "y":220, "w":56, "h":480}
		]},
		{"id":"graph-target", "dst":[
			{"x":1212, "y":220, "w":56, "h":480}
		]},
		{"id":12, "dst":[
			{"x":1090, "y":220, "w":180, "h":480}
		]},
		{"id":13, "dst":[
			{"x":1074, "y":140, "w":12, "h":540}
		]},
		{"id":13, "dst":[
			{"x":194, "y":140, "w":12, "h":540}
		]},

		{"id":420, "dst":[
			{"x":1100, "y":200, "w":12, "h":18}
		]},
		{"id":421, "dst":[
			{"x":1148, "y":200, "w":8, "h":12}
		]},
		{"id":422, "dst":[
			{"x":1100, "y":180, "w":12, "h":18}
		]},
		{"id":423, "dst":[
			{"x":1100, "y":160, "w":12, "h":18}
		]},
		{"id":424, "dst":[
			{"x":1100, "y":140, "w":12, "h":18}
		]},

		{"id":"keybeam1", "timer":101, "loop":100, "offset":3, "dst":[
			{"time":0, "x":292, "y":140, "w":25, "h":580},
			{"time":100, "x":280, "w":50}
		]},
		{"id":"keybeam2", "timer":102, "loop":100, "offset":3, "dst":[
			{"time":0, "x":340, "y":140, "w":20, "h":580},
			{"time":100, "x":330, "w":40}
		]},
		{"id":"keybeam3", "timer":103, "loop":100, "offset":3, "dst":[
			{"time":0, "x":382, "y":140, "w":25, "h":580},
			{"time":100, "x":370, "w":50}
		]},
		{"id":"keybeam4", "timer":104, "loop":100, "offset":3, "dst":[
			{"time":0, "x":430, "y":140, "w":20, "h":580},
			{"time":100, "x":420, "w":40}
		]},
		{"id":"keybeam5", "timer":105, "loop":100, "offset":3, "dst":[
			{"time":0, "x":472, "y":140, "w":25, "h":580},
			{"time":100, "x":460, "w":50}
		]},
		{"id":"keybeam6", "timer":106, "loop":100, "offset":3, "dst":[
			{"time":0, "x":520, "y":140, "w":20, "h":580},
			{"time":100, "x":510, "w":40}
		]},
		{"id":"keybeam7", "timer":107, "loop":100, "offset":3, "dst":[
			{"time":0, "x":562, "y":140, "w":25, "h":580},
			{"time":100, "x":550, "w":50}
		]},
		{"id":"keybeams", "timer":100, "loop":100, "offset":3, "dst":[
			{"time":0, "x":227, "y":140, "w":35, "h":580},
			{"time":100, "x":210, "w":70}
		]},
		{"id":"keybeam21", "timer":111, "loop":100, "offset":3, "dst":[
			{"time":0, "x":692, "y":140, "w":25, "h":580},
			{"time":100, "x":680, "w":50}
		]},
		{"id":"keybeam22", "timer":112, "loop":100, "offset":3, "dst":[
			{"time":0, "x":740, "y":140, "w":20, "h":580},
			{"time":100, "x":730, "w":40}
		]},
		{"id":"keybeam23", "timer":113, "loop":100, "offset":3, "dst":[
			{"time":0, "x":782, "y":140, "w":25, "h":580},
			{"time":100, "x":770, "w":50}
		]},
		{"id":"keybeam24", "timer":114, "loop":100, "offset":3, "dst":[
			{"time":0, "x":830, "y":140, "w":20, "h":580},
			{"time":100, "x":820, "w":40}
		]},
		{"id":"keybeam25", "timer":115, "loop":100, "offset":3, "dst":[
			{"time":0, "x":872, "y":140, "w":25, "h":580},
			{"time":100, "x":860, "w":50}
		]},
		{"id":"keybeam26", "timer":116, "loop":100, "offset":3, "dst":[
			{"time":0, "x":920, "y":140, "w":20, "h":580},
			{"time":100, "x":910, "w":40}
		]},
		{"id":"keybeam27", "timer":117, "loop":100, "offset":3, "dst":[
			{"time":0, "x":962, "y":140, "w":25, "h":580},
			{"time":100, "x":950, "w":50}
		]},
		{"id":"keybeams2", "timer":110, "loop":100, "offset":3, "dst":[
			{"time":0, "x":1017, "y":140, "w":35, "h":580},
			{"time":100, "x":1000, "w":70}
		]},

		{"id":15, "offset":3, "dst":[
			{"x":210, "y":137, "w":390, "h":6}
		]},
		{"id":15, "offset":3, "dst":[
			{"x":680, "y":137, "w":390, "h":6}
		]},

		{"id":"notes"},

		{"id":"hidden-cover", "dst":[
			{"x":210, "y":-440, "w":390, "h":580}
		]},
		{"id":"hidden-cover", "dst":[
			{"x":680, "y":-440, "w":390, "h":580}
		]},
		{"id":1060, "dst":[
			{"x":210, "y":720, "w":390, "h":580}
		]},
		{"id":1060, "dst":[
			{"x":680, "y":720, "w":390, "h":580}
		]},

		{"id":110, "timer":51, "loop":-1, "blend":2, "offset":3, "dst":[
			{"time":0, "x":164, "y":-62, "w":322, "h":344},
			{"time":160}
		]},
		{"id":111, "timer":52, "loop":-1, "blend":2, "offset":3, "dst":[
			{"time":0, "x":209, "y":-62, "w":322, "h":344},
			{"time":160}
		]},
		{"id":112, "timer":53, "loop":-1, "blend":2, "offset":3, "dst":[
			{"time":0, "x":254, "y":-62, "w":322, "h":344},
			{"time":160}
		]},
		{"id":113, "timer":54, "loop":-1, "blend":2, "offset":3, "dst":[
			{"time":0, "x":299, "y":-62, "w":322, "h":344},
			{"time":160}
		]},
		{"id":114, "timer":55, "loop":-1, "blend":2, "offset":3, "dst":[
			{"time":0, "x":344, "y":-62, "w":322, "h":344},
			{"time":160}
		]},
		{"id":115, "timer":56, "loop":-1, "blend":2, "offset":3, "dst":[
			{"time":0, "x":389, "y":-62, "w":322, "h":344},
			{"time":160}
		]},
		{"id":116, "timer":57, "loop":-1, "blend":2, "offset":3, "dst":[
			{"time":0, "x":434, "y":-62, "w":322, "h":344},
			{"time":160}
		]},
		{"id":117, "timer":50, "loop":-1, "blend":2, "offset":3, "dst":[
			{"time":0, "x":104, "y":-62, "w":322, "h":344},
			{"time":160}
		]},

		{"id":"bomb21", "timer":61, "loop":-1, "blend":2, "offset":3, "dst":[
			{"time":0, "x":564, "y":-62, "w":322, "h":344},
			{"time":160}
		]},
		{"id":"bomb22", "timer":62, "loop":-1, "blend":2, "offset":3, "dst":[
			{"time":0, "x":609, "y":-62, "w":322, "h":344},
			{"time":160}
		]},
		{"id":"bomb23", "timer":63, "loop":-1, "blend":2, "offset":3, "dst":[
			{"time":0, "x":654, "y":-62, "w":322, "h":344},
			{"time":160}
		]},
		{"id":"bomb24", "timer":64, "loop":-1, "blend":2, "offset":3, "dst":[
			{"time":0, "x":699, "y":-62, "w":322, "h":344},
			{"time":160}
		]},
		{"id":"bomb25", "timer":65, "loop":-1, "blend":2, "offset":3, "dst":[
			{"time":0, "x":744, "y":-62, "w":322, "h":344},
			{"time":160}
		]},
		{"id":"bomb26", "timer":66, "loop":-1, "blend":2, "offset":3, "dst":[
			{"time":0, "x":789, "y":-62, "w":322, "h":344},
			{"time":160}
		]},
		{"id":"bomb27", "timer":67, "loop":-1, "blend":2, "offset":3, "dst":[
			{"time":0, "x":834, "y":-62, "w":322, "h":344},
			{"time":160}
		]},
		{"id":"bombs2", "timer":60, "loop":-1, "blend":2, "offset":3, "dst":[
			{"time":0, "x":896, "y":-62, "w":322, "h":344},
			{"time":160}
		]},

		{"id":140, "timer":71, "blend":2, "offset":3, "dst":[
			{"time":0, "x":164, "y":-62, "w":322, "h":344}
		]},
		{"id":141, "timer":72, "blend":2, "offset":3, "dst":[
			{"time":0, "x":209, "y":-62, "w":322, "h":344}
		]},
		{"id":142, "timer":73, "blend":2, "offset":3, "dst":[
			{"time":0, "x":254, "y":-62, "w":322, "h":344}
		]},
		{"id":143, "timer":74, "blend":2, "offset":3, "dst":[
			{"time":0, "x":299, "y":-62, "w":322, "h":344}
		]},
		{"id":144, "timer":75, "blend":2, "offset":3, "dst":[
			{"time":0, "x":344, "y":-62, "w":322, "h":344}
		]},
		{"id":145, "timer":76, "blend":2, "offset":3, "dst":[
			{"time":0, "x":389, "y":-62, "w":322, "h":344}
		]},
		{"id":146, "timer":77, "blend":2, "offset":3, "dst":[
			{"time":0, "x":434, "y":-62, "w":322, "h":344}
		]},
		{"id":147, "timer":70, "blend":2, "offset":3, "dst":[
			{"time":0, "x":104, "y":-62, "w":322, "h":344}
		]},

		{"id":"lnbomb21", "timer":81, "blend":2, "offset":3, "dst":[
			{"time":0, "x":564, "y":-62, "w":322, "h":344}
		]},
		{"id":"lnbomb22", "timer":82, "blend":2, "offset":3, "dst":[
			{"time":0, "x":609, "y":-62, "w":322, "h":344}
		]},
		{"id":"lnbomb23", "timer":83, "blend":2, "offset":3, "dst":[
			{"time":0, "x":654, "y":-62, "w":322, "h":344}
		]},
		{"id":"lnbomb24", "timer":84, "blend":2, "offset":3, "dst":[
			{"time":0, "x":699, "y":-62, "w":322, "h":344}
		]},
		{"id":"lnbomb25", "timer":85, "blend":2, "offset":3, "dst":[
			{"time":0, "x":744, "y":-62, "w":322, "h":344}
		]},
		{"id":"lnbomb26", "timer":86, "blend":2, "offset":3, "dst":[
			{"time":0, "x":789, "y":-62, "w":322, "h":344}
		]},
		{"id":"lnbomb27", "timer":87, "blend":2, "offset":3, "dst":[
			{"time":0, "x":834, "y":-62, "w":322, "h":344}
		]},
		{"id":"lnbombs2", "timer":80, "blend":2, "offset":3, "dst":[
			{"time":0, "x":894, "y":-62, "w":322, "h":344}
		]},

		{"id":2010},
		{"id":"judge-early", "loop":-1, "timer":46 ,"op":[911,1242],"offset":3, "dst":[
			{"time":0, "x":390, "y":290, "w":50, "h":20},
			{"time":500}
		]},
		{"id":"judge-late", "loop":-1, "timer":46 ,"op":[911,1243],"offset":3, "dst":[
			{"time":0, "x":390, "y":290, "w":50, "h":20},
			{"time":500}
		]},
		{"id":"judgems-1pp", "loop":-1, "timer":46 ,"op":[912,241],"offset":3, "dst":[
			{"time":0, "x":390, "y":290, "w":10, "h":20},
			{"time":500}
		]},
		{"id":"judgems-1pg", "loop":-1, "timer":46 ,"op":[912,-241],"offset":3, "dst":[
			{"time":0, "x":390, "y":290, "w":10, "h":20},
			{"time":500}
		]},

		{"id":2011},
		{"id":"judge-early", "loop":-1, "timer":47 ,"op":[911,1262],"offset":3, "dst":[
			{"time":0, "x":860, "y":290, "w":50, "h":20},
			{"time":500}
		]},
		{"id":"judge-late", "loop":-1, "timer":47 ,"op":[911,1263],"offset":3, "dst":[
			{"time":0, "x":860, "y":290, "w":50, "h":20},
			{"time":500}
		]},
		{"id":"judgems-2pp", "loop":-1, "timer":47 ,"op":[912,261],"offset":3, "dst":[
			{"time":0, "x":860, "y":290, "w":10, "h":20},
			{"time":500}
		]},
		{"id":"judgems-2pg", "loop":-1, "timer":47 ,"op":[912,-261],"offset":3, "dst":[
			{"time":0, "x":860, "y":290, "w":10, "h":20},
			{"time":500}
		]},

		{"id":2001, "dst":[
			{"time":0, "x":445, "y":30, "w":390, "h":30}
		]},
		{"id":410, "dst":[
			{"time":0, "x":592, "y":60, "w":24, "h":24}
		]},
		{"id":411, "dst":[
			{"time":0, "x":664, "y":60, "w":18, "h":18}
		]},
		{"id":2002, "dst":[
			{"time":0, "x":10, "y":180, "w":180, "h":260}
		]},
		{"id":2002, "dst":[
			{"time":0, "x":10, "y":450, "w":180, "h":260}
		]},
		{"id":1000, "dst":[
			{"time":0, "x":12, "y":692, "w":16, "h":16},
			{"time":1000, "a":0},
			{"time":2000, "a":255}
		]},
		{"id":1050, "blend":2, "dst":[
			{"x":192, "y":660, "w":16, "h":20}
		]},
		{"id":1051, "blend":2, "timer":143,"dst":[
			{"x":192, "y":660, "w":16, "h":20}
		]},
		{"id":1050, "blend":2, "dst":[
			{"x":1072, "y":660, "w":16, "h":20}
		]},
		{"id":1051, "blend":2, "timer":143,"dst":[
			{"x":1072, "y":660, "w":16, "h":20}
		]},

		{"id":431 ,"dst":[
			{"x":60, "y":140, "w":12, "h":18}
		]},
		{"id":432 ,"dst":[
			{"x":120, "y":140, "w":12, "h":18}
		]},
		{"id":434 ,"dst":[
			{"x":60, "y":122, "w":12, "h":18}
		]},
		{"id":435 ,"dst":[
			{"x":120, "y":122, "w":12, "h":18}
		]},
		{"id":437 ,"dst":[
			{"x":60, "y":104, "w":12, "h":18}
		]},
		{"id":438 ,"dst":[
			{"x":120, "y":104, "w":12, "h":18}
		]},
		{"id":440 ,"dst":[
			{"x":60, "y":86, "w":12, "h":18}
		]},
		{"id":441 ,"dst":[
			{"x":120, "y":86, "w":12, "h":18}
		]},
		{"id":443 ,"dst":[
			{"x":60, "y":68, "w":12, "h":18}
		]},
		{"id":444 ,"dst":[
			{"x":120, "y":68, "w":12, "h":18}
		]},
		{"id":446 ,"dst":[
			{"x":60, "y":50, "w":12, "h":18}
		]},
		{"id":447 ,"dst":[
			{"x":120, "y":50, "w":12, "h":18}
		]},

		{"id":450, "offset":4, "op":[270],"dst":[
			{"time":0, "x":310, "y":720, "w":10, "h":15}
		]},
		{"id":451, "offset":4, "op":[270],"dst":[
			{"time":0, "x":500, "y":720, "w":10, "h":15}
		]},
		{"id":450, "offset":4, "op":[270],"dst":[
			{"time":0, "x":780, "y":720, "w":10, "h":15}
		]},
		{"id":451, "offset":4, "op":[270],"dst":[
			{"time":0, "x":970, "y":720, "w":10, "h":15}
		]},

		{"id":"load-progress", "loop":0, "op":[80], "dst":[
			{"time":0, "x":210, "y":440, "w":860, "h":4},
			{"time":500, "a":192, "r":0},
			{"time":1000, "a":128, "r":255, "g":0},
			{"time":1500, "a":192, "g":255, "b":0},
			{"time":2000, "a":255, "b":255}
		]},

		{"id":6, "loop":-1, "timer":40, "dst":[
			{"time":0, "x":230, "y":250, "w":350, "h":60, "a":0},
			{"time":750, "y":300, "a":255},
			{"time":1000}
		]},
		{"id":6, "loop":-1, "timer":40, "dst":[
			{"time":0, "x":700, "y":250, "w":350, "h":60, "a":0},
			{"time":750, "y":300, "a":255},
			{"time":1000}
		]},

		{"id":"close2", "loop":700, "timer":3, "dst":[
			{"time":0, "x":0, "y":-360, "w":1280, "h":360},
			{"time":500, "y":0},
			{"time":600, "y":-40},
			{"time":700, "y":0}
		]},
		{"id":"close1", "loop":700, "timer":3, "dst":[
			{"time":0, "x":0, "y":720, "w":1280, "h":360},
			{"time":500, "y":360},
			{"time":600, "y":400},
			{"time":700, "y":360}
		]},

		{"id":7, "loop":500, "timer":2, "dst":[
			{"time":0, "x":0, "y":0, "w":1280, "h":720, "a":0},
			{"time":500, "a":255}
		]}
	]
}
