{
	"type":4,
	"name":"beatoraja default",
	"w":1280,
	"h":720,
	"playstart":1000,
	"scene":3600000,
	"input":500,
	"close":1500,
	"fadeout":1000,
	"finishmargin":5000,

	"property":[
		{"name":"Judge Detail", "item":[
			{"name":"Off", "op":910},
			{"name":"EARLY/LATE", "op":911},
			{"name":"+-ms", "op":912}
		]}
	],
	"filepath":[
		{"name":"Background", "path":"play/background/*.png"},
		{"name":"Laser", "path":"play/laser/*.png"},
		{"name":"POMYU Chara 1P", "path":"POMYU Chara/*|1P|" ,"def":"Off"},
		{"name":"POMYU Chara 2P", "path":"POMYU Chara/*|2P|" ,"def":"Off"},
		{"name":"Lanecover", "path":"play/lanecover/*.png"}
	],

	"source": [
		{"id":0, "path":"system.png"},
		{"id":1, "path":"play/background/*.png"},
		{"id":2, "path":"playbg.png"},
		{"id":3, "path":"gauge.png"},
		{"id":4, "path":"judge.png"},
		{"id":5, "path":"number.png"},
		{"id":6, "path":"play/laser/*.png"},
		{"id":7, "path":"pop.png"},
		{"id":8, "path":"close.png"},
		{"id":9, "path":"scoregraph.png"},
		{"id":10, "path":"bomb.png"},
		{"id":11, "path":"ready.png"},
		{"id":12, "path":"play/lanecover/*.png"},
		{"id":13, "path":"judgedetail.png"},
		{"id":"srcPMchara1P", "path":"POMYU Chara/*|1P|"},
		{"id":"srcPMchara2P", "path":"POMYU Chara/*|2P|"}
	],
	"font": [
		{"id":0, "path":"VL-Gothic-Regular.ttf"}
	],
	"image":[
		{"id":"background", "src":1, "x":0, "y":0, "w":1280, "h":720},
		{"id":1, "src":2, "x":0, "y":0, "w":1280, "h":720},
		{"id":6, "src":11, "x":0, "y":0, "w":216, "h":40},
		{"id":7, "src":0, "x":0, "y":0, "w":8, "h":8},
		{"id":"close1", "src":8, "x":0, "y":500, "w":640, "h":240},
		{"id":"close2", "src":8, "x":0, "y":740, "w":640, "h":240},
		{"id":"lane-bg", "src":0, "x":30, "y":30, "w":590, "h":10},
		{"id":11, "src":0, "x":168, "y":108, "w":126, "h":303},
		{"id":12, "src":0, "x":40, "y":108, "w":126, "h":303},
		{"id":13, "src":0, "x":10, "y":10, "w":10, "h":251},
		{"id":15, "src":0, "x":16, "y":0, "w":8, "h":8},

		{"id":100, "src":6, "x":47, "y":0, "w":28, "h":255},
		{"id":101, "src":6, "x":75, "y":0, "w":21, "h":255},
		{"id":102, "src":6, "x":0, "y":0, "w":47, "h":255},
		{"id":"keybeam-w", "src":6, "x":48, "y":0, "w":27, "h":255},
		{"id":"keybeam-b", "src":6, "x":76, "y":0, "w":20, "h":255},
		{"id":"keybeam-w-pg", "src":6, "x":145, "y":0, "w":27, "h":255},
		{"id":"keybeam-b-pg", "src":6, "x":173, "y":0, "w":20, "h":255},
		{"id":"keybeam-w-gr", "src":6, "x":242, "y":0, "w":27, "h":255},
		{"id":"keybeam-b-gr", "src":6, "x":270, "y":0, "w":20, "h":255},
		{"id":150, "src":10, "x":0, "y":0, "w":1810, "h":192,"divx":10, "timer":51, "cycle":161},
		{"id":151, "src":10, "x":0, "y":0, "w":1810, "h":192,"divx":10, "timer":52, "cycle":161},
		{"id":152, "src":10, "x":0, "y":0, "w":1810, "h":192,"divx":10, "timer":53, "cycle":161},
		{"id":153, "src":10, "x":0, "y":0, "w":1810, "h":192,"divx":10, "timer":54, "cycle":161},
		{"id":154, "src":10, "x":0, "y":0, "w":1810, "h":192,"divx":10, "timer":55, "cycle":161},
		{"id":155, "src":10, "x":0, "y":0, "w":1810, "h":192,"divx":10, "timer":56, "cycle":161},
		{"id":156, "src":10, "x":0, "y":0, "w":1810, "h":192,"divx":10, "timer":57, "cycle":161},
		{"id":157, "src":10, "x":0, "y":0, "w":1810, "h":192,"divx":10, "timer":58, "cycle":161},
		{"id":158, "src":10, "x":0, "y":0, "w":1810, "h":192,"divx":10, "timer":59, "cycle":161},
		{"id":140, "src":10, "x":0, "y":384, "w":1810, "h":192,"divx":10, "timer":71, "cycle":160},
		{"id":141, "src":10, "x":0, "y":384, "w":1810, "h":192,"divx":10, "timer":72, "cycle":160},
		{"id":142, "src":10, "x":0, "y":384, "w":1810, "h":192,"divx":10, "timer":73, "cycle":160},
		{"id":143, "src":10, "x":0, "y":384, "w":1810, "h":192,"divx":10, "timer":74, "cycle":160},
		{"id":144, "src":10, "x":0, "y":384, "w":1810, "h":192,"divx":10, "timer":75, "cycle":160},
		{"id":145, "src":10, "x":0, "y":384, "w":1810, "h":192,"divx":10, "timer":76, "cycle":160},
		{"id":146, "src":10, "x":0, "y":384, "w":1810, "h":192,"divx":10, "timer":77, "cycle":160},
		{"id":147, "src":10, "x":0, "y":384, "w":1810, "h":192,"divx":10, "timer":78, "cycle":160},
		{"id":148, "src":10, "x":0, "y":384, "w":1810, "h":192,"divx":10, "timer":79, "cycle":160},
		{"id":120, "src":10, "x":0, "y":192, "w":1810, "h":192,"divx":10, "timer":51, "cycle":161},
		{"id":121, "src":10, "x":0, "y":192, "w":1810, "h":192,"divx":10, "timer":52, "cycle":161},
		{"id":122, "src":10, "x":0, "y":192, "w":1810, "h":192,"divx":10, "timer":53, "cycle":161},
		{"id":123, "src":10, "x":0, "y":192, "w":1810, "h":192,"divx":10, "timer":54, "cycle":161},
		{"id":124, "src":10, "x":0, "y":192, "w":1810, "h":192,"divx":10, "timer":55, "cycle":161},
		{"id":125, "src":10, "x":0, "y":192, "w":1810, "h":192,"divx":10, "timer":56, "cycle":161},
		{"id":126, "src":10, "x":0, "y":192, "w":1810, "h":192,"divx":10, "timer":57, "cycle":161},
		{"id":127, "src":10, "x":0, "y":192, "w":1810, "h":192,"divx":10, "timer":58, "cycle":161},
		{"id":128, "src":10, "x":0, "y":192, "w":1810, "h":192,"divx":10, "timer":59, "cycle":161},
		{"id":130, "src":10, "x":0, "y":576, "w":1810, "h":192,"divx":10, "timer":51, "cycle":161},
		{"id":131, "src":10, "x":0, "y":576, "w":1810, "h":192,"divx":10, "timer":52, "cycle":161},
		{"id":132, "src":10, "x":0, "y":576, "w":1810, "h":192,"divx":10, "timer":53, "cycle":161},
		{"id":133, "src":10, "x":0, "y":576, "w":1810, "h":192,"divx":10, "timer":54, "cycle":161},
		{"id":134, "src":10, "x":0, "y":576, "w":1810, "h":192,"divx":10, "timer":55, "cycle":161},
		{"id":135, "src":10, "x":0, "y":576, "w":1810, "h":192,"divx":10, "timer":56, "cycle":161},
		{"id":136, "src":10, "x":0, "y":576, "w":1810, "h":192,"divx":10, "timer":57, "cycle":161},
		{"id":137, "src":10, "x":0, "y":576, "w":1810, "h":192,"divx":10, "timer":58, "cycle":161},
		{"id":138, "src":10, "x":0, "y":576, "w":1810, "h":192,"divx":10, "timer":59, "cycle":161},

		{"id":"bomb21-p", "src":10, "x":0, "y":0, "w":1810, "h":192,"divx":10, "timer":61, "cycle":161},
		{"id":"bomb22-p", "src":10, "x":0, "y":0, "w":1810, "h":192,"divx":10, "timer":62, "cycle":161},
		{"id":"bomb23-p", "src":10, "x":0, "y":0, "w":1810, "h":192,"divx":10, "timer":63, "cycle":161},
		{"id":"bomb24-p", "src":10, "x":0, "y":0, "w":1810, "h":192,"divx":10, "timer":64, "cycle":161},
		{"id":"bomb25-p", "src":10, "x":0, "y":0, "w":1810, "h":192,"divx":10, "timer":65, "cycle":161},
		{"id":"bomb26-p", "src":10, "x":0, "y":0, "w":1810, "h":192,"divx":10, "timer":66, "cycle":161},
		{"id":"bomb27-p", "src":10, "x":0, "y":0, "w":1810, "h":192,"divx":10, "timer":67, "cycle":161},
		{"id":"bombs2-p", "src":10, "x":0, "y":0, "w":1810, "h":192,"divx":10, "timer":60, "cycle":161},
		{"id":"lnbomb21", "src":10, "x":0, "y":384, "w":1810, "h":192,"divx":10, "timer":81, "cycle":160},
		{"id":"lnbomb22", "src":10, "x":0, "y":384, "w":1810, "h":192,"divx":10, "timer":82, "cycle":160},
		{"id":"lnbomb23", "src":10, "x":0, "y":384, "w":1810, "h":192,"divx":10, "timer":83, "cycle":160},
		{"id":"lnbomb24", "src":10, "x":0, "y":384, "w":1810, "h":192,"divx":10, "timer":84, "cycle":160},
		{"id":"lnbomb25", "src":10, "x":0, "y":384, "w":1810, "h":192,"divx":10, "timer":85, "cycle":160},
		{"id":"lnbomb26", "src":10, "x":0, "y":384, "w":1810, "h":192,"divx":10, "timer":86, "cycle":160},
		{"id":"lnbomb27", "src":10, "x":0, "y":384, "w":1810, "h":192,"divx":10, "timer":87, "cycle":160},
		{"id":"lnbombs2", "src":10, "x":0, "y":384, "w":1810, "h":192,"divx":10, "timer":80, "cycle":160},
		{"id":"bomb21-e", "src":10, "x":0, "y":192, "w":1810, "h":192,"divx":10, "timer":61, "cycle":161},
		{"id":"bomb22-e", "src":10, "x":0, "y":192, "w":1810, "h":192,"divx":10, "timer":62, "cycle":161},
		{"id":"bomb23-e", "src":10, "x":0, "y":192, "w":1810, "h":192,"divx":10, "timer":63, "cycle":161},
		{"id":"bomb24-e", "src":10, "x":0, "y":192, "w":1810, "h":192,"divx":10, "timer":64, "cycle":161},
		{"id":"bomb25-e", "src":10, "x":0, "y":192, "w":1810, "h":192,"divx":10, "timer":65, "cycle":161},
		{"id":"bomb26-e", "src":10, "x":0, "y":192, "w":1810, "h":192,"divx":10, "timer":66, "cycle":161},
		{"id":"bomb27-e", "src":10, "x":0, "y":192, "w":1810, "h":192,"divx":10, "timer":67, "cycle":161},
		{"id":"bombs2-e", "src":10, "x":0, "y":192, "w":1810, "h":192,"divx":10, "timer":60, "cycle":161},
		{"id":"bomb21-l", "src":10, "x":0, "y":576, "w":1810, "h":192,"divx":10, "timer":61, "cycle":161},
		{"id":"bomb22-l", "src":10, "x":0, "y":576, "w":1810, "h":192,"divx":10, "timer":62, "cycle":161},
		{"id":"bomb23-l", "src":10, "x":0, "y":576, "w":1810, "h":192,"divx":10, "timer":63, "cycle":161},
		{"id":"bomb24-l", "src":10, "x":0, "y":576, "w":1810, "h":192,"divx":10, "timer":64, "cycle":161},
		{"id":"bomb25-l", "src":10, "x":0, "y":576, "w":1810, "h":192,"divx":10, "timer":65, "cycle":161},
		{"id":"bomb26-l", "src":10, "x":0, "y":576, "w":1810, "h":192,"divx":10, "timer":66, "cycle":161},
		{"id":"bomb27-l", "src":10, "x":0, "y":576, "w":1810, "h":192,"divx":10, "timer":67, "cycle":161},
		{"id":"bombs2-l", "src":10, "x":0, "y":576, "w":1810, "h":192,"divx":10, "timer":60, "cycle":161},

		{"id":"note-w", "src":7, "x":0, "y":0, "w":36, "h":18},
		{"id":"note-y", "src":7, "x":38, "y":0, "w":28, "h":18},
		{"id":"note-g", "src":7, "x":68, "y":0, "w":36, "h":18},
		{"id":"note-b", "src":7, "x":106, "y":0, "w":28, "h":18},
		{"id":"note-r", "src":7, "x":136, "y":0, "w":36, "h":18},

		{"id":"lns-w", "src":7, "x":0, "y":38, "w":36, "h":18},
		{"id":"lns-y", "src":7, "x":38, "y":38, "w":28, "h":18},
		{"id":"lns-g", "src":7, "x":68, "y":38, "w":36, "h":18},
		{"id":"lns-b", "src":7, "x":106, "y":38, "w":28, "h":18},
		{"id":"lns-r", "src":7, "x":136, "y":38, "w":36, "h":18},

		{"id":"lne-w", "src":7, "x":0, "y":18, "w":36, "h":18},
		{"id":"lne-y", "src":7, "x":38, "y":18, "w":28, "h":18},
		{"id":"lne-g", "src":7, "x":68, "y":18, "w":36, "h":18},
		{"id":"lne-b", "src":7, "x":106, "y":18, "w":28, "h":18},
		{"id":"lne-r", "src":7, "x":136, "y":18, "w":36, "h":18},

		{"id":"lnb-w", "src":7, "x":0, "y":38, "w":36, "h":1},
		{"id":"lnb-y", "src":7, "x":38, "y":38, "w":28, "h":1},
		{"id":"lnb-g", "src":7, "x":68, "y":38, "w":36, "h":1},
		{"id":"lnb-b", "src":7, "x":106, "y":38, "w":28, "h":1},
		{"id":"lnb-r", "src":7, "x":136, "y":38, "w":36, "h":1},

		{"id":"lna-w", "src":7, "x":0, "y":36, "w":36, "h":1},
		{"id":"lna-y", "src":7, "x":38, "y":36, "w":28, "h":1},
		{"id":"lna-g", "src":7, "x":68, "y":36, "w":36, "h":1},
		{"id":"lna-b", "src":7, "x":106, "y":36, "w":28, "h":1},
		{"id":"lna-r", "src":7, "x":136, "y":36, "w":36, "h":1},

		{"id":"hcns-w", "src":7, "x":0, "y":38, "w":36, "h":18},
		{"id":"hcns-y", "src":7, "x":38, "y":38, "w":28, "h":18},
		{"id":"hcns-g", "src":7, "x":68, "y":38, "w":36, "h":18},
		{"id":"hcns-b", "src":7, "x":106, "y":38, "w":28, "h":18},
		{"id":"hcns-r", "src":7, "x":136, "y":38, "w":36, "h":18},

		{"id":"hcne-w", "src":7, "x":0, "y":18, "w":36, "h":18},
		{"id":"hcne-y", "src":7, "x":38, "y":18, "w":28, "h":18},
		{"id":"hcne-g", "src":7, "x":68, "y":18, "w":36, "h":18},
		{"id":"hcne-b", "src":7, "x":106, "y":18, "w":28, "h":18},
		{"id":"hcne-r", "src":7, "x":136, "y":18, "w":36, "h":18},

		{"id":"hcnb-w", "src":7, "x":0, "y":38, "w":36, "h":1},
		{"id":"hcnb-y", "src":7, "x":38, "y":38, "w":28, "h":1},
		{"id":"hcnb-g", "src":7, "x":68, "y":38, "w":36, "h":1},
		{"id":"hcnb-b", "src":7, "x":106, "y":38, "w":28, "h":1},
		{"id":"hcnb-r", "src":7, "x":136, "y":38, "w":36, "h":1},

		{"id":"hcna-w", "src":7, "x":0, "y":36, "w":36, "h":1},
		{"id":"hcna-y", "src":7, "x":38, "y":36, "w":28, "h":1},
		{"id":"hcna-g", "src":7, "x":68, "y":36, "w":36, "h":1},
		{"id":"hcna-b", "src":7, "x":106, "y":36, "w":28, "h":1},
		{"id":"hcna-r", "src":7, "x":136, "y":36, "w":36, "h":1},

		{"id":"hcnd-w", "src":7, "x":0, "y":38, "w":36, "h":1},
		{"id":"hcnd-y", "src":7, "x":38, "y":38, "w":28, "h":1},
		{"id":"hcnd-g", "src":7, "x":68, "y":38, "w":36, "h":1},
		{"id":"hcnd-b", "src":7, "x":106, "y":38, "w":28, "h":1},
		{"id":"hcnd-r", "src":7, "x":136, "y":38, "w":36, "h":1},

		{"id":"hcnr-w", "src":7, "x":0, "y":64, "w":36, "h":1},
		{"id":"hcnr-y", "src":7, "x":38, "y":64, "w":28, "h":1},
		{"id":"hcnr-g", "src":7, "x":68, "y":64, "w":36, "h":1},
		{"id":"hcnr-b", "src":7, "x":106, "y":64, "w":28, "h":1},
		{"id":"hcnr-r", "src":7, "x":136, "y":64, "w":36, "h":1},

		{"id":"mine-w", "src":7, "x":0, "y":56, "w":36, "h":18},
		{"id":"mine-y", "src":7, "x":38, "y":56, "w":28, "h":18},
		{"id":"mine-g", "src":7, "x":68, "y":56, "w":36, "h":18},
		{"id":"mine-b", "src":7, "x":106, "y":56, "w":28, "h":18},
		{"id":"mine-r", "src":7, "x":136, "y":56, "w":36, "h":18},

		{"id":"section-line", "src":0, "x":0, "y":0, "w":1, "h":1},
		
		{"id":"gauge-n1", "src":3, "x":0, "y":0, "w":5, "h":17},
		{"id":"gauge-n2", "src":3, "x":5, "y":0, "w":5, "h":17},
		{"id":"gauge-n3", "src":3, "x":10, "y":0, "w":5, "h":17},
		{"id":"gauge-n4", "src":3, "x":15, "y":0, "w":5, "h":17},
		{"id":"gauge-e1", "src":3, "x":0, "y":17, "w":5, "h":17},
		{"id":"gauge-e2", "src":3, "x":5, "y":17, "w":5, "h":17},
		{"id":"gauge-e3", "src":3, "x":10, "y":17, "w":5, "h":17},
		{"id":"gauge-e4", "src":3, "x":15, "y":17, "w":5, "h":17},
		{"id":"gauge-n1bright", "src":3, "x":0, "y":34, "w":5, "h":17},
		{"id":"gauge-n2bright", "src":3, "x":5, "y":34, "w":5, "h":17},
		{"id":"gauge-e1bright", "src":3, "x":10, "y":34, "w":5, "h":17},
		{"id":"gauge-e2bright", "src":3, "x":15, "y":34, "w":5, "h":17},
		
		{"id":"judgef-pg", "src":4, "x":0, "y":0, "w":180, "h":100, "divy":2, "cycle":100},
		{"id":"judgef-pg2", "src":4, "x":0, "y":50, "w":180, "h":150, "divy":3, "cycle":100},
		{"id":"judgef-gr", "src":4, "x":0, "y":150, "w":180, "h":50},
		{"id":"judgef-gd", "src":4, "x":0, "y":200, "w":180, "h":50},
		{"id":"judgef-bd", "src":4, "x":0, "y":250, "w":180, "h":50},
		{"id":"judgef-pr", "src":4, "x":0, "y":300, "w":180, "h":50},
		{"id":"judgef-ms", "src":4, "x":0, "y":300, "w":180, "h":50},

		{"id":"judge-early", "src":13, "x":0, "y":0, "w":50, "h":20},
		{"id":"judge-late", "src":13, "x":50, "y":0, "w":50, "h":20}
	],
	"imageset":[
		{"id":"keybeam1", "ref":501, "images":["keybeam-w","keybeam-w-pg","keybeam-w-gr","keybeam-w-gr"]},
		{"id":"keybeam2", "ref":502, "images":["keybeam-b","keybeam-b-pg","keybeam-b-gr","keybeam-b-gr"]},
		{"id":"keybeam3", "ref":503, "images":["keybeam-w","keybeam-w-pg","keybeam-w-gr","keybeam-w-gr"]},
		{"id":"keybeam4", "ref":504, "images":["keybeam-b","keybeam-b-pg","keybeam-b-gr","keybeam-b-gr"]},
		{"id":"keybeam5", "ref":505, "images":["keybeam-w","keybeam-w-pg","keybeam-w-gr","keybeam-w-gr"]},
		{"id":"keybeam6", "ref":506, "images":["keybeam-b","keybeam-b-pg","keybeam-b-gr","keybeam-b-gr"]},
		{"id":"keybeam7", "ref":507, "images":["keybeam-w","keybeam-w-pg","keybeam-w-gr","keybeam-w-gr"]},
		{"id":"keybeam8", "ref":508, "images":["keybeam-b","keybeam-b-pg","keybeam-b-gr","keybeam-b-gr"]},
		{"id":"keybeam9", "ref":509, "images":["keybeam-w","keybeam-w-pg","keybeam-w-gr","keybeam-w-gr"]},
		{"id":110, "ref":501, "images":[150,130,150,120]},
		{"id":111, "ref":502, "images":[151,131,151,121]},
		{"id":112, "ref":503, "images":[152,132,152,122]},
		{"id":113, "ref":504, "images":[153,133,153,123]},
		{"id":114, "ref":505, "images":[154,134,154,124]},
		{"id":115, "ref":506, "images":[155,135,155,125]},
		{"id":116, "ref":507, "images":[156,136,156,126]},
		{"id":117, "ref":508, "images":[157,137,157,127]},
		{"id":118, "ref":509, "images":[158,138,158,128]}
	],
	"value":[
		{"id":400, "src":5, "x":0, "y":0, "w":240, "h":24, "divx":10, "digit":4, "ref":91},
		{"id":401, "src":5, "x":0, "y":0, "w":240, "h":24, "divx":10, "digit":4, "ref":160},
		{"id":402, "src":5, "x":0, "y":0, "w":240, "h":24, "divx":10, "digit":4, "ref":90},
		{"id":403, "src":5, "x":0, "y":0, "w":240, "h":24, "divx":10, "digit":2, "ref":163},
		{"id":404, "src":5, "x":0, "y":0, "w":240, "h":24, "divx":10, "digit":2, "padding":1, "ref":164},
		{"id":405, "src":5, "x":0, "y":0, "w":240, "h":24, "divx":10, "digit":2, "ref":310},
		{"id":406, "src":5, "x":0, "y":0, "w":240, "h":24, "divx":10, "digit":2, "padding":1, "ref":311},
		{"id":407, "src":5, "x":0, "y":0, "w":240, "h":24, "divx":10, "digit":4, "ref":312},
		{"id":410, "src":5, "x":0, "y":0, "w":240, "h":24, "divx":10, "digit":3, "ref":107},
		{"id":411, "src":5, "x":0, "y":0, "w":240, "h":24, "divx":10, "digit":1, "ref":407},
		{"id":420, "src":5, "x":0, "y":0, "w":240, "h":24, "divx":10, "digit":4, "ref":102},
		{"id":421, "src":5, "x":0, "y":0, "w":240, "h":24, "divx":10, "digit":1, "ref":103},
		{"id":422, "src":5, "x":0, "y":0, "w":240, "h":24, "divx":10, "digit":5, "ref":71},
		{"id":423, "src":5, "x":0, "y":24, "w":240, "h":24, "divx":10, "digit":5, "ref":150},
		{"id":424, "src":5, "x":0, "y":48, "w":240, "h":24, "divx":10, "digit":5, "ref":121},

		{"id":430, "src":5, "x":0, "y":0, "w":264, "h":24, "divx":11, "digit":4, "ref":110},
		{"id":431, "src":5, "x":0, "y":24, "w":264, "h":24, "divx":11, "digit":4, "ref":410},
		{"id":432, "src":5, "x":0, "y":48, "w":264, "h":24, "divx":11, "digit":4, "ref":411},
		{"id":433, "src":5, "x":0, "y":0, "w":264, "h":24, "divx":11, "digit":4, "ref":111},
		{"id":434, "src":5, "x":0, "y":24, "w":264, "h":24, "divx":11, "digit":4, "ref":412},
		{"id":435, "src":5, "x":0, "y":48, "w":264, "h":24, "divx":11, "digit":4, "ref":413},
		{"id":436, "src":5, "x":0, "y":0, "w":264, "h":24, "divx":11, "digit":4, "ref":112},
		{"id":437, "src":5, "x":0, "y":24, "w":264, "h":24, "divx":11, "digit":4, "ref":414},
		{"id":438, "src":5, "x":0, "y":48, "w":264, "h":24, "divx":11, "digit":4, "ref":415},
		{"id":439, "src":5, "x":0, "y":0, "w":264, "h":24, "divx":11, "digit":4, "ref":113},
		{"id":440, "src":5, "x":0, "y":24, "w":264, "h":24, "divx":11, "digit":4, "ref":416},
		{"id":441, "src":5, "x":0, "y":48, "w":264, "h":24, "divx":11, "digit":4, "ref":417},
		{"id":442, "src":5, "x":0, "y":0, "w":264, "h":24, "divx":11, "digit":4, "ref":114},
		{"id":443, "src":5, "x":0, "y":24, "w":264, "h":24, "divx":11, "digit":4, "ref":418},
		{"id":444, "src":5, "x":0, "y":48, "w":264, "h":24, "divx":11, "digit":4, "ref":419},
		{"id":445, "src":5, "x":0, "y":0, "w":264, "h":24, "divx":11, "digit":4, "ref":420},
		{"id":446, "src":5, "x":0, "y":24, "w":264, "h":24, "divx":11, "digit":4, "ref":421},
		{"id":447, "src":5, "x":0, "y":48, "w":264, "h":24, "divx":11, "digit":4, "ref":422},

		{"id":450, "src":0, "x":0, "y":550, "w":100, "h":15, "divx":10, "digit":3, "ref":14},
		{"id":451, "src":0, "x":0, "y":565, "w":100, "h":15, "divx":10, "digit":4, "ref":312},
		
		{"id":"judgen-pg", "src":4, "x":200, "y":0, "w":300, "h":100, "divx":10, "divy":2, "digit":6, "ref":75, "cycle":100},
		{"id":"judgen-pg2", "src":4, "x":200, "y":50, "w":300, "h":150, "divx":10, "divy":3, "digit":6, "ref":75, "cycle":100},
		{"id":"judgen-gr", "src":4, "x":200, "y":150, "w":300, "h":50, "divx":10, "digit":6, "ref":75},
		{"id":"judgen-gd", "src":4, "x":200, "y":200, "w":300, "h":50, "divx":10, "digit":6, "ref":75},
		{"id":"judgen-bd", "src":4, "x":200, "y":250, "w":300, "h":50, "divx":10, "digit":6, "ref":75},
		{"id":"judgen-pr", "src":4, "x":200, "y":300, "w":300, "h":50, "divx":10, "digit":6, "ref":75},
		{"id":"judgen-ms", "src":4, "x":200, "y":300, "w":300, "h":50, "divx":10, "digit":6, "ref":75},

		{"id":"judgems-1pp", "src":13, "x":0, "y":20, "w":120, "h":40, "divx":12, "divy":2, "digit":4, "ref":525},
		{"id":"judgems-1pg", "src":13, "x":0, "y":60, "w":120, "h":40, "divx":12, "divy":2, "digit":4, "ref":525},
		{"id":"judgems-2pp", "src":13, "x":0, "y":20, "w":120, "h":40, "divx":12, "divy":2, "digit":4, "ref":526},
		{"id":"judgems-2pg", "src":13, "x":0, "y":60, "w":120, "h":40, "divx":12, "divy":2, "digit":4, "ref":526},
		{"id":"judgems-3pp", "src":13, "x":0, "y":20, "w":120, "h":40, "divx":12, "divy":2, "digit":4, "ref":527},
		{"id":"judgems-3pg", "src":13, "x":0, "y":60, "w":120, "h":40, "divx":12, "divy":2, "digit":4, "ref":527}
	],
	"text":[
		{"id":1000, "font":0, "size":24, "align":0, "ref":12}
	],
	"slider":[
		{"id":1050, "src":0, "x":0, "y":289, "w":14, "h":20, "angle":2, "range":520,"type":6},
		{"id":1051, "src":0, "x":15, "y":289, "w":14, "h":20, "angle":2, "range":520,"type":6},
		{"id":1060, "src":12, "x":0, "y":0, "w":390, "h":580, "angle":2, "range":580,"type":4}
	],
	"hiddenCover":[
		{"id":"hidden-cover", "src":12, "x":0, "y":0, "w":390, "h":580, "disapearLine":140, "isDisapearLineLinkLift":true}
	],
	"graph":[
		{"id":"graph-now", "src":9, "x":0, "y":0, "w":100, "h":296, "type":110},
		{"id":"graph-best", "src":9, "x":100, "y":0, "w":100, "h":296, "type":113},
		{"id":"graph-target", "src":9, "x":200, "y":0, "w":100, "h":296, "type":115},
		{"id":"load-progress", "src":0, "x":0, "y":0, "w":8, "h":8, "angle":0, "type":102}
	],
	"note":{
		"id":"notes",
		"note":["note-w","note-y","note-g","note-b","note-r","note-b","note-g","note-y","note-w"],
		"lnend":["lne-w","lne-y","lne-g","lne-b","lne-r","lne-b","lne-g","lne-y","lne-w"],
		"lnstart":["lns-w","lns-y","lns-g","lns-b","lns-r","lns-b","lns-g","lns-y","lns-w"],
		"lnbody":["lnb-w","lnb-y","lnb-g","lnb-b","lnb-r","lnb-b","lnb-g","lnb-y","lnb-w"],
		"lnactive":["lna-w","lna-y","lna-g","lna-b","lna-r","lna-b","lna-g","lna-y","lna-w"],
		"hcnend":["hcne-w","hcne-y","hcne-g","hcne-b","hcne-r","hcne-b","hcne-g","hcne-y","hcne-w"],
		"hcnstart":["hcns-w","hcns-y","hcns-g","hcns-b","hcns-r","hcns-b","hcns-g","hcns-y","hcns-w"],
		"hcnbody":["hcnb-w","hcnb-y","hcnb-g","hcnb-b","hcnb-r","hcnb-b","hcnb-g","hcnb-y","hcnb-w"],
		"hcnactive":["hcna-w","hcna-y","hcna-g","hcna-b","hcna-r","hcna-b","hcna-g","hcna-y","hcna-w"],
		"hcndamage":["hcnd-w","hcnd-y","hcnd-g","hcnd-b","hcnd-r","hcnd-b","hcnd-g","hcnd-y","hcnd-w"],
		"hcnreactive":["hcnr-w","hcnr-y","hcnr-g","hcnr-b","hcnr-r","hcnr-b","hcnr-g","hcnr-y","hcnr-w"],
		"mine":["mine-w","mine-y","mine-g","mine-b","mine-r","mine-b","mine-g","mine-y","mine-w"],
		"hidden":[],
		"processed":[],
		"dst":[
			{"x":345, "y":131, "w":70, "h":580},
			{"x":415, "y":131, "w":60, "h":580},
			{"x":475, "y":131, "w":70, "h":580},
			{"x":545, "y":131, "w":60, "h":580},
			{"x":605, "y":131, "w":70, "h":580},
			{"x":675, "y":131, "w":60, "h":580},
			{"x":735, "y":131, "w":70, "h":580},
			{"x":805, "y":131, "w":60, "h":580},
			{"x":865, "y":131, "w":70, "h":580}
		],
		"dst2":84,
		"expansionrate":[115,112],
		"group":[
			{"id":"section-line", "offset":3, "dst":[
				{"x":345, "y":140, "w":590, "h":1, "a":0}
			]}
		],
		"time":[
			{"id":"section-line", "offset":3, "dst":[
			{"x":345, "y":140, "w":390, "h":1, "r":64, "g":192, "b":192}]}
		],
		"bpm":[
			{"id":"section-line", "offset":3, "dst":[
			{"x":345, "y":140, "w":390, "h":2, "r":0, "g":192, "b":0}]}
		],
		"stop":[
			{"id":"section-line", "offset":3, "dst":[
			{"x":345, "y":140, "w":390, "h":2, "r":192, "g":192, "b":0}]}
		]

	},
	"gauge":{
		"id":2001,
		"nodes":["gauge-n1","gauge-n2","gauge-n3","gauge-n4","gauge-e1","gauge-e2","gauge-e3","gauge-e4","gauge-n1bright","gauge-n2bright","gauge-e1bright","gauge-e2bright"],
		"parts":24,
		"range":0,
		"type":3,
		"cycle":1500
	},
	"judge":[
	{
		"id":2010,
		"index":0,
		"images":[
			{"id":"judgef-pg", "loop":-1, "timer":46 ,"offset":3, "dst":[
				{"time":0, "x":375, "y":240, "w":140, "h":20},
				{"time":500}
			]},
			{"id":"judgef-gr", "loop":-1, "timer":46 ,"offset":3, "dst":[
				{"time":0, "x":375, "y":240, "w":140, "h":20},
				{"time":500}
			]},
			{"id":"judgef-gd", "loop":-1, "timer":46 ,"offset":3, "dst":[
				{"time":0, "x":375, "y":240, "w":140, "h":20},
				{"time":500}
			]},
			{"id":"judgef-bd", "loop":-1, "timer":46 ,"offset":3, "dst":[
				{"time":0, "x":375, "y":240, "w":140, "h":20},
				{"time":500}
			]},
			{"id":"judgef-pr", "loop":-1, "timer":46 ,"offset":3, "dst":[
				{"time":0, "x":375, "y":240, "w":140, "h":20},
				{"time":500}
			]},
			{"id":"judgef-ms", "loop":-1, "timer":46 ,"offset":3, "dst":[
				{"time":0, "x":375, "y":240, "w":140, "h":20},
				{"time":500}
			]},
			{"id":"judgef-pg2", "loop":-1, "timer":46 ,"offset":3, "dst":[
				{"time":0, "x":375, "y":240, "w":140, "h":20},
				{"time":500}
			]}
		],
		"numbers":[
			{"id":"judgen-pg", "loop":-1, "timer":446, "dst":[
				{"time":0, "x":70, "y":-30, "w":20, "h":20},
				{"time":500}
			]},
			{"id":"judgen-gr", "loop":-1, "timer":446, "dst":[
				{"time":0, "x":70, "y":-30, "w":20, "h":20},
				{"time":500}
			]},
			{"id":"judgen-gd", "loop":-1, "timer":446, "dst":[
				{"time":0, "x":70, "y":-30, "w":20, "h":20},
				{"time":500}
			]},
			{"id":"judgen-bd", "loop":-1, "timer":446, "dst":[
				{"time":0, "x":70, "y":-30, "w":20, "h":20},
				{"time":500}
			]},
			{"id":"judgen-pr", "loop":-1, "timer":446, "dst":[
				{"time":0, "x":70, "y":-30, "w":20, "h":20},
				{"time":500}
			]},
			{"id":"judgen-ms", "loop":-1, "timer":446, "dst":[
				{"time":0, "x":70, "y":-30, "w":20, "h":20},
				{"time":500}
			]},
			{"id":"judgen-pg2", "loop":-1, "timer":446, "dst":[
				{"time":0, "x":70, "y":-30, "w":20, "h":20},
				{"time":500}
			]}
		],
		"shift":false
	},
		{
			"id":2011,
			"index":1,
			"images":[
				{"id":"judgef-pg", "loop":-1, "timer":47 ,"offset":3, "dst":[
					{"time":0, "x":570, "y":240, "w":140, "h":20},
					{"time":500}
				]},
				{"id":"judgef-gr", "loop":-1, "timer":47 ,"offset":3, "dst":[
					{"time":0, "x":570, "y":240, "w":140, "h":20},
					{"time":500}
				]},
				{"id":"judgef-gd", "loop":-1, "timer":47 ,"offset":3, "dst":[
					{"time":0, "x":570, "y":240, "w":140, "h":20},
					{"time":500}
				]},
				{"id":"judgef-bd", "loop":-1, "timer":47 ,"offset":3, "dst":[
					{"time":0, "x":570, "y":240, "w":140, "h":20},
					{"time":500}
				]},
				{"id":"judgef-pr", "loop":-1, "timer":47 ,"offset":3, "dst":[
					{"time":0, "x":570, "y":240, "w":140, "h":20},
					{"time":500}
				]},
				{"id":"judgef-ms", "loop":-1, "timer":47 ,"offset":3, "dst":[
					{"time":0, "x":570, "y":240, "w":140, "h":20},
					{"time":500}
				]},
				{"id":"judgef-pg2", "loop":-1, "timer":47 ,"offset":3, "dst":[
					{"time":0, "x":570, "y":240, "w":140, "h":20},
					{"time":500}
				]}
			],
			"numbers":[
				{"id":"judgen-pg", "loop":-1, "timer":447, "dst":[
					{"time":0, "x":70, "y":-30, "w":20, "h":20},
					{"time":500}
				]},
				{"id":"judgen-gr", "loop":-1, "timer":447, "dst":[
					{"time":0, "x":70, "y":-30, "w":20, "h":20},
					{"time":500}
				]},
				{"id":"judgen-gd", "loop":-1, "timer":447, "dst":[
					{"time":0, "x":70, "y":-30, "w":20, "h":20},
					{"time":500}
				]},
				{"id":"judgen-bd", "loop":-1, "timer":447, "dst":[
					{"time":0, "x":70, "y":-30, "w":20, "h":20},
					{"time":500}
				]},
				{"id":"judgen-pr", "loop":-1, "timer":447, "dst":[
					{"time":0, "x":70, "y":-30, "w":20, "h":20},
					{"time":500}
				]},
				{"id":"judgen-ms", "loop":-1, "timer":447, "dst":[
					{"time":0, "x":70, "y":-30, "w":20, "h":20},
					{"time":500}
				]},
				{"id":"judgen-pg2", "loop":-1, "timer":447, "dst":[
					{"time":0, "x":70, "y":-30, "w":20, "h":20},
					{"time":500}
				]}
			],
			"shift":false
		},
		{
			"id":2012,
			"index":2,
			"images":[
				{"id":"judgef-pg", "loop":-1, "timer":247 ,"offset":3, "dst":[
					{"time":0, "x":765, "y":240, "w":140, "h":20},
					{"time":500}
				]},
				{"id":"judgef-gr", "loop":-1, "timer":247 ,"offset":3, "dst":[
					{"time":0, "x":765, "y":240, "w":140, "h":20},
					{"time":500}
				]},
				{"id":"judgef-gd", "loop":-1, "timer":247 ,"offset":3, "dst":[
					{"time":0, "x":765, "y":240, "w":140, "h":20},
					{"time":500}
				]},
				{"id":"judgef-bd", "loop":-1, "timer":247 ,"offset":3, "dst":[
					{"time":0, "x":765, "y":240, "w":140, "h":20},
					{"time":500}
				]},
				{"id":"judgef-pr", "loop":-1, "timer":247 ,"offset":3, "dst":[
					{"time":0, "x":765, "y":240, "w":140, "h":20},
					{"time":500}
				]},
				{"id":"judgef-ms", "loop":-1, "timer":247 ,"offset":3, "dst":[
					{"time":0, "x":765, "y":240, "w":140, "h":20},
					{"time":500}
				]},
				{"id":"judgef-pg2", "loop":-1, "timer":247 ,"offset":3, "dst":[
					{"time":0, "x":765, "y":240, "w":140, "h":20},
					{"time":500}
				]}
			],
			"numbers":[
				{"id":"judgen-pg", "loop":-1, "timer":448, "dst":[
					{"time":0, "x":70, "y":-30, "w":20, "h":20},
					{"time":500}
				]},
				{"id":"judgen-gr", "loop":-1, "timer":448, "dst":[
					{"time":0, "x":70, "y":-30, "w":20, "h":20},
					{"time":500}
				]},
				{"id":"judgen-gd", "loop":-1, "timer":448, "dst":[
					{"time":0, "x":70, "y":-30, "w":20, "h":20},
					{"time":500}
				]},
				{"id":"judgen-bd", "loop":-1, "timer":448, "dst":[
					{"time":0, "x":70, "y":-30, "w":20, "h":20},
					{"time":500}
				]},
				{"id":"judgen-pr", "loop":-1, "timer":448, "dst":[
					{"time":0, "x":70, "y":-30, "w":20, "h":20},
					{"time":500}
				]},
				{"id":"judgen-ms", "loop":-1, "timer":448, "dst":[
					{"time":0, "x":70, "y":-30, "w":20, "h":20},
					{"time":500}
				]},
				{"id":"judgen-pg2", "loop":-1, "timer":448, "dst":[
					{"time":0, "x":70, "y":-30, "w":20, "h":20},
					{"time":500}
				]}
			],
			"shift":false
		}
	],

	"bga":{
		"id":2002
	},

	"pmchara":[
		{"id":"dstPMchara1P", "src":"srcPMchara1P", "color":1, "type":0, "side":1},
		{"id":"dstPMchara2P", "src":"srcPMchara2P", "color":1, "type":0, "side":2},
		{"id":"dstPMchara1PBG", "src":"srcPMchara1P", "color":1, "type":1},
		{"id":"dstPMchara2PBG", "src":"srcPMchara2P", "color":1, "type":1}
	],


	"destination":[
		{"id":"background", "dst":[
			{"x":0, "y":0, "w":1280, "h":720}
		]},
		{"id":1, "dst":[
			{"x":0, "y":0, "w":1280, "h":720}
		]},

		{"id":400, "dst":[
			{"x":520, "y":2, "w":18, "h":18}
		]},
		{"id":401, "dst":[
			{"x":592, "y":2, "w":24, "h":24}
		]},
		{"id":402, "dst":[
			{"x":688, "y":2, "w":18, "h":18}
		]},
		{"id":403, "dst":[
			{"x":1148, "y":2, "w":24, "h":24}
		]},
		{"id":404, "dst":[
			{"x":1220, "y":2, "w":24, "h":24}
		]},
		{"id":405, "dst":[
			{"x":116, "y":2, "w":12, "h":24}
		]},
		{"id":406, "dst":[
			{"x":154, "y":2, "w":10, "h":20}
		]},
		{"id":407, "dst":[
			{"x":318, "y":2, "w":12, "h":24}
		]},

		{"id":"lane-bg", "loop":1000, "dst":[
			{"time":0, "x":345, "y":140, "w":590, "h":0, "a":0},
			{"time":1000, "h":580, "a":255}
		]},
		{"id":11, "dst":[
			{"x":1090, "y":220, "w":180, "h":480}
		]},
		{"id":"graph-now", "dst":[
			{"x":1092, "y":220, "w":56, "h":480}
		]},
		{"id":"graph-best", "dst":[
			{"x":1152, "y":220, "w":56, "h":480}
		]},
		{"id":"graph-target", "dst":[
			{"x":1212, "y":220, "w":56, "h":480}
		]},
		{"id":12, "dst":[
			{"x":1090, "y":220, "w":180, "h":480}
		]},
		{"id":13, "dst":[
			{"x":939, "y":140, "w":12, "h":540}
		]},
		{"id":13, "dst":[
			{"x":329, "y":140, "w":12, "h":540}
		]},

		{"id":420, "dst":[
			{"x":1100, "y":200, "w":12, "h":18}
		]},
		{"id":421, "dst":[
			{"x":1148, "y":200, "w":8, "h":12}
		]},
		{"id":422, "dst":[
			{"x":1100, "y":180, "w":12, "h":18}
		]},
		{"id":423, "dst":[
			{"x":1100, "y":160, "w":12, "h":18}
		]},
		{"id":424, "dst":[
			{"x":1100, "y":140, "w":12, "h":18}
		]},

		{"id":"keybeam1", "timer":101, "loop":100, "offset":3, "dst":[
			{"time":0, "x":362, "y":140, "w":35, "h":580},
			{"time":100, "x":345, "w":70}
		]},
		{"id":"keybeam2", "timer":102, "loop":100, "offset":3, "dst":[
			{"time":0, "x":430, "y":140, "w":30, "h":580},
			{"time":100, "x":415, "w":60}
		]},
		{"id":"keybeam3", "timer":103, "loop":100, "offset":3, "dst":[
			{"time":0, "x":492, "y":140, "w":35, "h":580},
			{"time":100, "x":475, "w":70}
		]},
		{"id":"keybeam4", "timer":104, "loop":100, "offset":3, "dst":[
			{"time":0, "x":560, "y":140, "w":30, "h":580},
			{"time":100, "x":545, "w":60}
		]},
		{"id":"keybeam5", "timer":105, "loop":100, "offset":3, "dst":[
			{"time":0, "x":622, "y":140, "w":35, "h":580},
			{"time":100, "x":605, "w":70}
		]},
		{"id":"keybeam6", "timer":106, "loop":100, "offset":3, "dst":[
			{"time":0, "x":690, "y":140, "w":30, "h":580},
			{"time":100, "x":675, "w":60}
		]},
		{"id":"keybeam7", "timer":107, "loop":100, "offset":3, "dst":[
			{"time":0, "x":752, "y":140, "w":35, "h":580},
			{"time":100, "x":735, "w":70}
		]},
		{"id":"keybeam8", "timer":108, "loop":100, "offset":3, "dst":[
			{"time":0, "x":815, "y":140, "w":30, "h":580},
			{"time":100, "x":805, "w":60}
		]},
		{"id":"keybeam9", "timer":109, "loop":100, "offset":3, "dst":[
			{"time":0, "x":882, "y":140, "w":35, "h":580},
			{"time":100, "x":865, "w":70}
		]},

		{"id":15, "offset":3, "dst":[
			{"x":345, "y":137, "w":590, "h":6}
		]},

		{"id":"notes"},

		{"id":"hidden-cover", "dst":[
			{"x":345, "y":-440, "w":590, "h":580}
		]},
		{"id":1060, "dst":[
			{"x":345, "y":720, "w":590, "h":580}
		]},

		{"id":110, "timer":51, "loop":-1, "blend":2, "offset":3, "dst":[
			{"time":0, "x":239, "y":-62, "w":322, "h":344},
			{"time":160}
		]},
		{"id":111, "timer":52, "loop":-1, "blend":2, "offset":3, "dst":[
			{"time":0, "x":304, "y":-62, "w":322, "h":344},
			{"time":160}
		]},
		{"id":112, "timer":53, "loop":-1, "blend":2, "offset":3, "dst":[
			{"time":0, "x":369, "y":-62, "w":322, "h":344},
			{"time":160}
		]},
		{"id":113, "timer":54, "loop":-1, "blend":2, "offset":3, "dst":[
			{"time":0, "x":434, "y":-62, "w":322, "h":344},
			{"time":160}
		]},
		{"id":114, "timer":55, "loop":-1, "blend":2, "offset":3, "dst":[
			{"time":0, "x":499, "y":-62, "w":322, "h":344},
			{"time":160}
		]},
		{"id":115, "timer":56, "loop":-1, "blend":2, "offset":3, "dst":[
			{"time":0, "x":564, "y":-62, "w":322, "h":344},
			{"time":160}
		]},
		{"id":116, "timer":57, "loop":-1, "blend":2, "offset":3, "dst":[
			{"time":0, "x":629, "y":-62, "w":322, "h":344},
			{"time":160}
		]},
		{"id":117, "timer":58, "loop":-1, "blend":2, "offset":3, "dst":[
			{"time":0, "x":694, "y":-62, "w":322, "h":344},
			{"time":160}
		]},
		{"id":118, "timer":59, "loop":-1, "blend":2, "offset":3, "dst":[
			{"time":0, "x":759, "y":-62, "w":322, "h":344},
			{"time":160}
		]},


		{"id":140, "timer":71, "blend":2, "offset":3, "dst":[
			{"time":0, "x":239, "y":-62, "w":322, "h":344}
		]},
		{"id":141, "timer":72, "blend":2, "offset":3, "dst":[
			{"time":0, "x":304, "y":-62, "w":322, "h":344}
		]},
		{"id":142, "timer":73, "blend":2, "offset":3, "dst":[
			{"time":0, "x":369, "y":-62, "w":322, "h":344}
		]},
		{"id":143, "timer":74, "blend":2, "offset":3, "dst":[
			{"time":0, "x":434, "y":-62, "w":322, "h":344}
		]},
		{"id":144, "timer":75, "blend":2, "offset":3, "dst":[
			{"time":0, "x":499, "y":-62, "w":322, "h":344}
		]},
		{"id":145, "timer":76, "blend":2, "offset":3, "dst":[
			{"time":0, "x":564, "y":-62, "w":322, "h":344}
		]},
		{"id":146, "timer":77, "blend":2, "offset":3, "dst":[
			{"time":0, "x":629, "y":-62, "w":322, "h":344}
		]},
		{"id":147, "timer":78, "blend":2, "offset":3, "dst":[
			{"time":0, "x":694, "y":-62, "w":322, "h":344}
		]},
		{"id":148, "timer":79, "blend":2, "offset":3, "dst":[
			{"time":0, "x":759, "y":-62, "w":322, "h":344}
		]},

		{"id":2010},
		{"id":"judge-early", "loop":-1, "timer":46 ,"op":[911,1242],"offset":3, "dst":[
			{"time":0, "x":420, "y":290, "w":50, "h":20},
			{"time":500}
		]},
		{"id":"judge-late", "loop":-1, "timer":46 ,"op":[911,1243],"offset":3, "dst":[
			{"time":0, "x":420, "y":290, "w":50, "h":20},
			{"time":500}
		]},
		{"id":"judgems-1pp", "loop":-1, "timer":46 ,"op":[912,241],"offset":3, "dst":[
			{"time":0, "x":420, "y":290, "w":10, "h":20},
			{"time":500}
		]},
		{"id":"judgems-1pg", "loop":-1, "timer":46 ,"op":[912,-241],"offset":3, "dst":[
			{"time":0, "x":420, "y":290, "w":10, "h":20},
			{"time":500}
		]},

		{"id":2011},
		{"id":"judge-early", "loop":-1, "timer":47 ,"op":[911,1262],"offset":3, "dst":[
			{"time":0, "x":615, "y":290, "w":50, "h":20},
			{"time":500}
		]},
		{"id":"judge-late", "loop":-1, "timer":47 ,"op":[911,1263],"offset":3, "dst":[
			{"time":0, "x":615, "y":290, "w":50, "h":20},
			{"time":500}
		]},
		{"id":"judgems-2pp", "loop":-1, "timer":47 ,"op":[912,261],"offset":3, "dst":[
			{"time":0, "x":615, "y":290, "w":10, "h":20},
			{"time":500}
		]},
		{"id":"judgems-2pg", "loop":-1, "timer":47 ,"op":[912,-261],"offset":3, "dst":[
			{"time":0, "x":615, "y":290, "w":10, "h":20},
			{"time":500}
		]},
		{"id":2012},
		{"id":"judge-early", "loop":-1, "timer":247 ,"op":[911,1362],"offset":3, "dst":[
			{"time":0, "x":810, "y":290, "w":50, "h":20},
			{"time":500}
		]},
		{"id":"judge-late", "loop":-1, "timer":247 ,"op":[911,1363],"offset":3, "dst":[
			{"time":0, "x":810, "y":290, "w":50, "h":20},
			{"time":500}
		]},
		{"id":"judgems-3pp", "loop":-1, "timer":247 ,"op":[912,361],"offset":3, "dst":[
			{"time":0, "x":810, "y":290, "w":10, "h":20},
			{"time":500}
		]},
		{"id":"judgems-3pg", "loop":-1, "timer":247 ,"op":[912,-361],"offset":3, "dst":[
			{"time":0, "x":810, "y":290, "w":10, "h":20},
			{"time":500}
		]},

		{"id":2001, "dst":[
			{"time":0, "x":345, "y":30, "w":590, "h":30}
		]},
		{"id":410, "dst":[
			{"time":0, "x":592, "y":60, "w":24, "h":24}
		]},
		{"id":411, "dst":[
			{"time":0, "x":664, "y":60, "w":18, "h":18}
		]},
		{"id":2002, "dst":[
			{"time":0, "x":10, "y":80, "w":305, "h":310}
		]},
		{"id":2002, "dst":[
			{"time":0, "x":10, "y":400, "w":305, "h":310}
		]},
		{"id":"dstPMchara1PBG", "dst":[
			{"time":0, "x":67, "y":400, "w":191, "h":310}
		]},
		{"id":"dstPMchara2PBG", "dst":[
			{"time":0, "x":67, "y":80, "w":191, "h":310}
		]},
		{"id":"dstPMchara1P", "dst":[
			{"time":0, "x":67, "y":400, "w":191, "h":310}
		]},
		{"id":"dstPMchara2P", "dst":[
			{"time":0, "x":67, "y":80, "w":191, "h":310}
		]},
		{"id":1000, "dst":[
			{"time":0, "x":12, "y":690, "w":18, "h":18},
			{"time":1000, "a":0},
			{"time":2000, "a":255}
		]},
		{"id":1050, "blend":2, "dst":[
			{"x":327, "y":660, "w":16, "h":20}
		]},
		{"id":1051, "blend":2, "timer":143,"dst":[
			{"x":327, "y":660, "w":16, "h":20}
		]},
		{"id":1050, "blend":2, "dst":[
			{"x":937, "y":660, "w":16, "h":20}
		]},
		{"id":1051, "blend":2, "timer":143,"dst":[
			{"x":937, "y":660, "w":16, "h":20}
		]},

		{"id":431 ,"dst":[
			{"x":950, "y":140, "w":12, "h":18}
		]},
		{"id":432 ,"dst":[
			{"x":1010, "y":140, "w":12, "h":18}
		]},
		{"id":434 ,"dst":[
			{"x":950, "y":122, "w":12, "h":18}
		]},
		{"id":435 ,"dst":[
			{"x":1010, "y":122, "w":12, "h":18}
		]},
		{"id":437 ,"dst":[
			{"x":950, "y":104, "w":12, "h":18}
		]},
		{"id":438 ,"dst":[
			{"x":1010, "y":104, "w":12, "h":18}
		]},
		{"id":440 ,"dst":[
			{"x":950, "y":86, "w":12, "h":18}
		]},
		{"id":441 ,"dst":[
			{"x":1010, "y":86, "w":12, "h":18}
		]},
		{"id":443 ,"dst":[
			{"x":950, "y":68, "w":12, "h":18}
		]},
		{"id":444 ,"dst":[
			{"x":1010, "y":68, "w":12, "h":18}
		]},
		{"id":446 ,"dst":[
			{"x":950, "y":50, "w":12, "h":18}
		]},
		{"id":447 ,"dst":[
			{"x":1010, "y":50, "w":12, "h":18}
		]},

		{"id":450, "offset":4, "op":[270],"dst":[
			{"time":0, "x":530, "y":720, "w":10, "h":15}
		]},
		{"id":451, "offset":4, "op":[270],"dst":[
			{"time":0, "x":720, "y":720, "w":10, "h":15}
		]},

		{"id":"load-progress", "loop":0, "op":[80], "dst":[
			{"time":0, "x":345, "y":440, "w":590, "h":4},
			{"time":500, "a":192, "r":0},
			{"time":1000, "a":128, "r":255, "g":0},
			{"time":1500, "a":192, "g":255, "b":0},
			{"time":2000, "a":255, "b":255}
		]},

		{"id":6, "loop":-1, "timer":40, "dst":[
			{"time":0, "x":465, "y":250, "w":350, "h":60, "a":0},
			{"time":750, "y":300, "a":255},
			{"time":1000}
		]},

		{"id":"close2", "loop":700, "timer":3, "dst":[
			{"time":0, "x":0, "y":-360, "w":1280, "h":360},
			{"time":500, "y":0},
			{"time":600, "y":-40},
			{"time":700, "y":0}
		]},
		{"id":"close1", "loop":700, "timer":3, "dst":[
			{"time":0, "x":0, "y":720, "w":1280, "h":360},
			{"time":500, "y":360},
			{"time":600, "y":400},
			{"time":700, "y":360}
		]},

		{"id":7, "loop":500, "timer":2, "dst":[
			{"time":0, "x":0, "y":0, "w":1280, "h":720, "a":0},
			{"time":500, "a":255}
		]}
	]
}
